"RT @BernieWon2016: Bernie Sanders: ""I donâ€™t need a SuperPac. I am not going to be controlled by a handful of wealthy people. I will be contâ€¦",negative
"@AnandWrites Still Sanders 2020. Looking at Bernie's multi-decade long platform, and how relevant it is right now, the entire country should be begging for him to be President.",positive
RT @KyleKulinski: This video is incredible. All I have to say is the next Bernie Sanders wonâ€™t be so nice. Get ready for that.  https://t.câ€¦,positive
See Bernie Sanders.,neutral
RT @1776Stonewall: https://t.co/NEiaBx2glN Bernie Sanders aids admit Tara Reade allegations are credible; Slam media and Democrats for coveâ€¦,negative
"RT @LostDiva: @aria_ahrary Um, not voting for those people... lol Joe Biden campaign message is all sorts of nothingness. Bernie Sanders goâ€¦",negative
"RT @GottaBernNow: John Cusack calls on Bernie Sanders to 'un endorse' Joe Biden, reopen his campaign for president  https://t.co/h971DGTzTb",neutral
"Iâ€™m in tears, @BernieSanders is the president the USA needs and deserves!",negative
RT @CapaTosta122: Bernie Sanders: Hereâ€™s How to Cover Uninsured Americans During the Pandemic https://t.co/3d8QHIJ9EE via @politico,negative
"@notcapnamerica The only problem I have with NY cancelling the Presidential Primaries, is that I wonâ€™t be able to vote against Bernie Sanders!!",negative
"RT @GottaBernNow: John Cusack calls on Bernie Sanders to 'un endorse' Joe Biden, reopen his campaign for president  https://t.co/h971DGTzTb",neutral
RT @KyleKulinski: This video is incredible. All I have to say is the next Bernie Sanders wonâ€™t be so nice. Get ready for that.  https://t.câ€¦,positive
RT @KyleKulinski: This video is incredible. All I have to say is the next Bernie Sanders wonâ€™t be so nice. Get ready for that.  https://t.câ€¦,positive
"Why Americans Don't Vote Their Class Anymore...#Liberal writer doesn't understand why low-income voters are getting tired of the #Democrats

https://t.co/dzsLi4mfxP #DemocratsAreDestroyingAmerica #DemocratsHateAmerica #DemsLie #LiberalHypocrisy #LiberalismIsAMentalDisorder",negative
"I blame our societal attention deficit disorder for many on the left canceling Bernie Sanders. His campaign brought  the left together, taught first time organizers how to canvass, and changed the political discussion. 2 weeks and that's forgotten.

We'll never win like this",negative
"@frickinlazers @Snertly @Yorkinshire1 @gzornick @ggreenwald You sure about that? 
https://t.co/AOlpaZZu4E 

Let's ignore the fact that he won state after state until Biden was given millions out of nowhere by big interests the moment his dead and floundering campaign won the backwater state of SC, I guess. Tell yourself what you like.",negative
RT @coopmike48: Bernie Lost Because America Doesnâ€™t Have a Strong Labor Movement https://t.co/aGgdHJ0y7H #press #feedly,negative
RT @kgopinion: Now that the DNC has disappeared Bernie Sanders from the ballot do you still think we live in a Democracy?,negative
RT @KyleKulinski: This video is incredible. All I have to say is the next Bernie Sanders wonâ€™t be so nice. Get ready for that.  https://t.câ€¦,positive
RT @ComradeMythic: The two Democrats who voted to remove Sanders from the NY ballot are 67 and 83. One of them works at a law firm that repâ€¦,negative
"RT @GottaBernNow: John Cusack calls on Bernie Sanders to 'un endorse' Joe Biden, reopen his campaign for president  https://t.co/h971DGTzTb",neutral
RT @KyleKulinski: This video is incredible. All I have to say is the next Bernie Sanders wonâ€™t be so nice. Get ready for that.  https://t.câ€¦,positive
RT @b_giggz: @MelanieHT1919 @ECMcLaughlin Not exactly. The majority who are pushing this are the angry desperate Bernie Sanders supporters.â€¦,negative
RT @KyleKulinski: This video is incredible. All I have to say is the next Bernie Sanders wonâ€™t be so nice. Get ready for that.  https://t.câ€¦,positive
"RT @People4Bernie: BREAKING: Against the wishes of Bernie, the campaign, and tens of millions of New Yorkers, @NYSBOE Co-Chair Douglas Kellâ€¦",negative
"RT @charliekirk11: What do these people have in common?

â€”Mazie Hirono
â€”Tammy Baldwin
â€”Ted Lieu
â€”Nancy Pelosi
â€”Adam Schiff
â€”Elizabeth Warreâ€¦",negative
RT @KyleKulinski: This video is incredible. All I have to say is the next Bernie Sanders wonâ€™t be so nice. Get ready for that.  https://t.câ€¦,positive
"RT @GottaBernNow: John Cusack calls on Bernie Sanders to 'un endorse' Joe Biden, reopen his campaign for president  https://t.co/h971DGTzTb",neutral
"RT @OurRevolution: â€œOther States are better off following the Republican governor in Ohio who extended a mail in ballot, than following a Dâ€¦",neutral
"@briebriejoy You oppose Democrats more so than you do Republicans. 

Everytime I see you bashing Dems and backing some Bernout ratf*cking effort it reminds me of Bernie Sanders' very bad judgment.",negative
Vote by mail.,neutral
Bernie Sanders: Bernie Sanders Unsuspend Your 2020 Campaign - Sign the Petition! https://t.co/PKYKxg8GDK via @Change,neutral
"RT @GottaBernNow: John Cusack calls on Bernie Sanders to 'un endorse' Joe Biden, reopen his campaign for president  https://t.co/h971DGTzTb",neutral
RT @KyleKulinski: This video is incredible. All I have to say is the next Bernie Sanders wonâ€™t be so nice. Get ready for that.  https://t.câ€¦,positive
RT @KyleKulinski: This video is incredible. All I have to say is the next Bernie Sanders wonâ€™t be so nice. Get ready for that.  https://t.câ€¦,positive
I absolutely will vote for Bernie in the Primary!,positive
"RT @BernieWon2016: Bernie Sanders: ""I donâ€™t need a SuperPac. I am not going to be controlled by a handful of wealthy people. I will be contâ€¦",negative
"RT @RedTRaccoon: While some people still try to divide us, there are many of us that are taking all the experience and knowledge we gainedâ€¦",positive
"RT @coopmike48: ""Democracy is dead"": Sanders supporters dismayed by New York's move to remove Bernie from ballot https://t.co/gn3Fc1oL5m #pâ€¦",neutral
"RT @blakesmustache: 9. The Bernie Sanders campaign is a massive False Flag operation:

https://t.co/1DcRIlNK1X https://t.co/hS8yzuGbEF",neutral
"RT @People4Bernie: @NKingofDC Thank you Bernie Sanders and Ron Wyden
 https://t.co/WIMD7Lzp69",positive
"Its not too late. Demand that Bernie reinstates his campaign. Stop being Mr. nice guy. Your ""friend"" Joe Biden is being accused of serious sexual allegations. He has not even defended these allegations. #BidenRapist",negative
RT @m_mendozaferrer: The most ridiculous thing about this hand-wringing nonsense about Bernie being taken off the ballot in NY is that he wâ€¦,negative
RT @m_mendozaferrer: The most ridiculous thing about this hand-wringing nonsense about Bernie being taken off the ballot in NY is that he wâ€¦,negative
"RT @xeni: This thread became a troll rat king over the weekend. Weev, Glenn Greenwald, Jack Posobiec, Chapo Trap House, Bernie Sandersâ€™ nutâ€¦",negative
Ever since Bernie Sanders dropped out @peterdaou's vocal twitter fight back against the system is keeping the hope alive that y'all can change for the better in the states. As well as in my country where monsters like Boris are in charge.,negative
"RT @DLN7527: When we get behind Ventura for President, we will finally have found the fighter that we always thought we had with Bernie Sanâ€¦",positive
RT @JimMaso02236687: Why Americans Don't Vote Their Class Anymore...#Liberal writer doesn't understand why low-income voters are getting tiâ€¦,negative
"RT @charliekirk11: What do these people have in common?

â€”Mazie Hirono
â€”Tammy Baldwin
â€”Ted Lieu
â€”Nancy Pelosi
â€”Adam Schiff
â€”Elizabeth Warreâ€¦",negative
@DominicDecocoo @bigperm_41 Til that wanting Bernie Sanders is communism.,negative
Never forget that the DNC are a spineless blob.,negative
"RT @swallowit_: With respect, we must also hold Bernie Sanders responsible for the cover-up of the Tara Reade story. Thereâ€™s literally no eâ€¦",negative
"RT @KimPKAG2020: ğŸš¨Former Sanders Campaign Staffer Tears into Bernie Sanders &amp; DNC (VIDEO) 

ğŸ’µâ€Bernie Sanders would not have walked away froâ€¦",negative
Bernie is right. Giving up is not an option. The struggle continues.  âœŠâ¤ï¸,positive
"RT @GottaBernNow: John Cusack calls on Bernie Sanders to 'un endorse' Joe Biden, reopen his campaign for president  https://t.co/h971DGTzTb",neutral
Thank you Cusack. @SenSanders listen to US. #NotMeUs exists for a reason.,positive
"@HowardStern - You are such a sellout similar to Bernie Sanders.  You REALLY have NO VALUES except YOURSELF!
You PRETEND to be a Leftist but in REALITY you &amp; Bernie are selfish bourgeoisie capitalists! YOU BOTH ARE SUCH HYPOCRITES!",negative
RT @KyleKulinski: This video is incredible. All I have to say is the next Bernie Sanders wonâ€™t be so nice. Get ready for that.  https://t.câ€¦,positive
"RT @GottaBernNow: John Cusack calls on Bernie Sanders to 'un endorse' Joe Biden, reopen his campaign for president  https://t.co/h971DGTzTb",neutral
"RT @charliekirk11: What do these people have in common?

â€”Mazie Hirono
â€”Tammy Baldwin
â€”Ted Lieu
â€”Nancy Pelosi
â€”Adam Schiff
â€”Elizabeth Warreâ€¦",negative
"RT @KimPKAG2020: ğŸš¨Former Sanders Campaign Staffer Tears into Bernie Sanders &amp; DNC (VIDEO) 

ğŸ’µâ€Bernie Sanders would not have walked away froâ€¦",negative
"RT @WalkerBragman: At this point, Bernie Sanders should resume his campaign and bring a lawsuit immediately to reverse the decision of theâ€¦",neutral
RT @KyleKulinski: This video is incredible. All I have to say is the next Bernie Sanders wonâ€™t be so nice. Get ready for that.  https://t.câ€¦,positive
RT @KyleKulinski: This video is incredible. All I have to say is the next Bernie Sanders wonâ€™t be so nice. Get ready for that.  https://t.câ€¦,positive
RT @yuyanami01HQ: Thank you Cusack. @SenSanders listen to US. #NotMeUs exists for a reason. https://t.co/BUhR8LpFUq,positive
"RT @charliekirk11: What do these people have in common?

â€”Mazie Hirono
â€”Tammy Baldwin
â€”Ted Lieu
â€”Nancy Pelosi
â€”Adam Schiff
â€”Elizabeth Warreâ€¦",negative
RT @niktaylorde: Whatever Bernie Sanders or Joe Biden of the DNC do or say at this point will not change the outcome of the general electioâ€¦,negative
RT @kgopinion: Now that the DNC has disappeared Bernie Sanders from the ballot do you still think we live in a Democracy?,negative
RT @KyleKulinski: This video is incredible. All I have to say is the next Bernie Sanders wonâ€™t be so nice. Get ready for that.  https://t.câ€¦,positive
@washingtonpost @cmclymer A leader doesn't sexually assault women. Maybe Bernie Sanders should take over.,negative
"RT @GottaBernNow: John Cusack calls on Bernie Sanders to 'un endorse' Joe Biden, reopen his campaign for president  https://t.co/h971DGTzTb",neutral
RT @lacadri34: Did the bros believe the women sexually harassed working in Bernie Sanders campaign? Do they believe Julian Assange's rape vâ€¦,negative
RT @briebriejoy: I wish the Democratic Party would consolidate around a plan to save the post office and bail out American families as effiâ€¦,negative
"There's no way around the fact that Democratic primary voters, knowing full well of Biden's history of not respecting women's bodies, strongly preferred him over Bernie Sanders.",positive
I have an undying disgust for the DNC,negative
RT @KyleKulinski: This video is incredible. All I have to say is the next Bernie Sanders wonâ€™t be so nice. Get ready for that.  https://t.câ€¦,positive
"â€œAny Dem Party attempt 2 strip @BernieSanders of delegates he has been awarded or the opportunity 2 win additional delegates hurts their credibility w/ core elements of the Dem base that r essential 2 defeating Trump."" - @DFAAction #BernieOnTheBallot  https://t.co/7vwgoOi02u",negative
"RT @charliekirk11: What do these people have in common?

â€”Mazie Hirono
â€”Tammy Baldwin
â€”Ted Lieu
â€”Nancy Pelosi
â€”Adam Schiff
â€”Elizabeth Warreâ€¦",negative
BERNIE SANDERS is No Longer Endorsing Joe Biden because of recent evidence of Sexual Assault. He maintains his Deligates........ bet heâ€™s the front runner with Hillary as VP,neutral
Pure ğŸ”¥ #ThankyouBernie #BernieComeBack,positive
RT @KyleKulinski: This video is incredible. All I have to say is the next Bernie Sanders wonâ€™t be so nice. Get ready for that.  https://t.câ€¦,positive
RT @KyleKulinski: This video is incredible. All I have to say is the next Bernie Sanders wonâ€™t be so nice. Get ready for that.  https://t.câ€¦,positive
RT @johniadarola: I mean honestly if you've participated in a years long campaign to smear every supporter of Bernie Sanders as a misogynisâ€¦,negative
RT @erran99: @BernieSanders you told us not to give up .....  #Bernie2020 #BernieComeBack  #BidenHasDementia @QuellMontana this video mightâ€¦,negative
RT @KyleKulinski: This video is incredible. All I have to say is the next Bernie Sanders wonâ€™t be so nice. Get ready for that.  https://t.câ€¦,positive
NY Cancels Primary After Removing Bernie Sanders from the Ballot #CoronavirusRoundup https://t.co/O3TeGdyuTN,neutral
RT @KyleKulinski: This video is incredible. All I have to say is the next Bernie Sanders wonâ€™t be so nice. Get ready for that.  https://t.câ€¦,positive
RT @ComradeMythic: The two Democrats who voted to remove Sanders from the NY ballot are 67 and 83. One of them works at a law firm that repâ€¦,negative
RT @DilanPCook: If Tara Reade had accused Bernie Sanders of sexual assault thereâ€™d be a 5-part docuseries by now,negative
RT @GreenPartyUS: A message from the Green Party to #Bernie Sanders campaign supporters #DemExit #WeAreGreen ğŸŒ» https://t.co/qFoQFn7fKh,neutral
"RT @axcomrade: Bernie Sanders could have been a mega-millionaire like any other 30-year lawmaker, but he chose to reject the corruption &amp; lâ€¦",negative
"RT @AvarySince: Why is Stacey Abrams, a person I have a huge amount of respect for, repeating Berner bullshit?",negative
"RT @GottaBernNow: John Cusack calls on Bernie Sanders to 'un endorse' Joe Biden, reopen his campaign for president  https://t.co/h971DGTzTb",neutral
RT @m_mendozaferrer: The most ridiculous thing about this hand-wringing nonsense about Bernie being taken off the ballot in NY is that he wâ€¦,negative
"RT @GottaBernNow: John Cusack calls on Bernie Sanders to 'un endorse' Joe Biden, reopen his campaign for president  https://t.co/h971DGTzTb",neutral
"RT @volleymama75: ENEMIES OF THE PEOPLE
They should be first in line for the 
G U I L L O T I N E",negative
"RT @GottaBernNow: John Cusack calls on Bernie Sanders to 'un endorse' Joe Biden, reopen his campaign for president  https://t.co/h971DGTzTb",neutral
"Wise man.

Noam Chomsky on Trumpâ€™s Disastrous Coronavirus Response, Bernie Sanders ... https://t.co/mMlFKmpVRC via @YouTube",negative
"RT @charliekirk11: What do these people have in common?

â€”Mazie Hirono
â€”Tammy Baldwin
â€”Ted Lieu
â€”Nancy Pelosi
â€”Adam Schiff
â€”Elizabeth Warreâ€¦",negative
RT @KyleKulinski: This video is incredible. All I have to say is the next Bernie Sanders wonâ€™t be so nice. Get ready for that.  https://t.câ€¦,positive
"If you are more likely to align yourself with the likes of Bernie Sanders than the likes of Lenin, yet still call yourself a revolutionary thinker, you are a quintessential reactionary",positive
"RT @GottaBernNow: John Cusack calls on Bernie Sanders to 'un endorse' Joe Biden, reopen his campaign for president  https://t.co/h971DGTzTb",neutral
"RT @GottaBernNow: John Cusack calls on Bernie Sanders to 'un endorse' Joe Biden, reopen his campaign for president  https://t.co/h971DGTzTb",neutral
"people realize there really isnt enough Bernie sanders  acolytes to stop Biden, hence they are pushing Abrams. also there are a lot of republicans who are tired of trump, some on them didn't even vote for him in 2016, there are republicans who would like Kamala on the ticket",negative
RT @KyleKulinski: This video is incredible. All I have to say is the next Bernie Sanders wonâ€™t be so nice. Get ready for that.  https://t.câ€¦,positive
"RT @charliekirk11: What do these people have in common?

â€”Mazie Hirono
â€”Tammy Baldwin
â€”Ted Lieu
â€”Nancy Pelosi
â€”Adam Schiff
â€”Elizabeth Warreâ€¦",negative
"RT @charliekirk11: What do these people have in common?

â€”Mazie Hirono
â€”Tammy Baldwin
â€”Ted Lieu
â€”Nancy Pelosi
â€”Adam Schiff
â€”Elizabeth Warreâ€¦",negative
"RT @OurRevolution: ""This is Cuomo trying to be the party boss who goes to the party convention with 284 delegates in his pocket. Whatever sâ€¦",neutral
RT @yuyanami01HQ: Thank you Cusack. @SenSanders listen to US. #NotMeUs exists for a reason. https://t.co/BUhR8LpFUq,positive
"This explanation seems the most plausible, and Cuomo backs it up with his actions.",positive
"RT @charliekirk11: What do these people have in common?

â€”Mazie Hirono
â€”Tammy Baldwin
â€”Ted Lieu
â€”Nancy Pelosi
â€”Adam Schiff
â€”Elizabeth Warreâ€¦",negative
"RT @charliekirk11: What do these people have in common?

â€”Mazie Hirono
â€”Tammy Baldwin
â€”Ted Lieu
â€”Nancy Pelosi
â€”Adam Schiff
â€”Elizabeth Warreâ€¦",negative
"RT @dawg_lb: China Joe is weak &amp; Left knows it

CJ so weak, Actor John Cusack wants Communist Bernie to 'Un Endorse' QPQ JOE &amp; reopen campaâ€¦",negative
"RT @charliekirk11: What do these people have in common?

â€”Mazie Hirono
â€”Tammy Baldwin
â€”Ted Lieu
â€”Nancy Pelosi
â€”Adam Schiff
â€”Elizabeth Warreâ€¦",negative
RT @KyleKulinski: This video is incredible. All I have to say is the next Bernie Sanders wonâ€™t be so nice. Get ready for that.  https://t.câ€¦,positive
â€œWe canâ€™t give upâ€,negative
"RT @axcomrade: Bernie Sanders could have been a mega-millionaire like any other 30-year lawmaker, but he chose to reject the corruption &amp; lâ€¦",negative
"RT @GottaBernNow: John Cusack calls on Bernie Sanders to 'un endorse' Joe Biden, reopen his campaign for president  https://t.co/h971DGTzTb",neutral
"RT @themaxburns: â€œI understand Sandersâ€™ team wanting to make a statement about the level of support Bernie has in the party,â€ Democratic stâ€¦",positive
"RT @TheKafkaDude: All the allegations of sexual assault against Biden were around when he was running one on one against Bernie Sanders, whâ€¦",negative
RT @KyleKulinski: This video is incredible. All I have to say is the next Bernie Sanders wonâ€™t be so nice. Get ready for that.  https://t.câ€¦,positive
RT @democracynow: NY Cancels Primary After Removing Bernie Sanders from the Ballot #CoronavirusRoundup https://t.co/O3TeGdyuTN,negative
RT @KyleKulinski: This video is incredible. All I have to say is the next Bernie Sanders wonâ€™t be so nice. Get ready for that.  https://t.câ€¦,positive
RT @ComradeMythic: The two Democrats who voted to remove Sanders from the NY ballot are 67 and 83. One of them works at a law firm that repâ€¦,negative
Way to guarantee the people cant be heard,negative
"RT @GottaBernNow: John Cusack calls on Bernie Sanders to 'un endorse' Joe Biden, reopen his campaign for president  https://t.co/h971DGTzTb",neutral
"RT @BernieWon2016: These are two of the guys who voted to kick Bernie off the NY ballot: 

Douglas A. Kellner - partner at a law firm thatâ€¦",positive
"#BlueNoMatterWho folks .... do NOT drag former Bernie supporters online if Biden looses!! Be better than the party you are likely struggling to believe in. Thank you.

https://t.co/5XVZJD9hxZ",positive
"â€œJust last week, Vice Pres @JoeBiden warned the American people that President Trump could use the current crisis as an excuse 2 postpone the Nov election. Well, he now has a precedent thanks to New York state.â€ - Jeff Weaver #BernieOnTheBallot https://t.co/7vwgoOi02u",negative
"RT @MattieWashburn: ""You cant give up. I can't give up."" Unsuspend @BernieSanders https://t.co/th6XBKMXBr",negative
RT @KyleKulinski: This video is incredible. All I have to say is the next Bernie Sanders wonâ€™t be so nice. Get ready for that.  https://t.câ€¦,positive
"RT @GottaBernNow: John Cusack calls on Bernie Sanders to 'un endorse' Joe Biden, reopen his campaign for president  https://t.co/h971DGTzTb",neutral
"RT @charliekirk11: What do these people have in common?

â€”Mazie Hirono
â€”Tammy Baldwin
â€”Ted Lieu
â€”Nancy Pelosi
â€”Adam Schiff
â€”Elizabeth Warreâ€¦",negative
"RT @GottaBernNow: John Cusack calls on Bernie Sanders to 'un endorse' Joe Biden, reopen his campaign for president  https://t.co/h971DGTzTb",neutral
RT @briebriejoy: I wish the Democratic Party would consolidate around a plan to save the post office and bail out American families as effiâ€¦,negative
RT @TomFitton: Sanders' failure to call out corruption by both Biden and Clinton is shameful.,negative
RT @KyleKulinski: This video is incredible. All I have to say is the next Bernie Sanders wonâ€™t be so nice. Get ready for that.  https://t.câ€¦,positive
"RT @BernieWon2016: Bernie Sanders: ""I donâ€™t need a SuperPac. I am not going to be controlled by a handful of wealthy people. I will be contâ€¦",negative
RT @KyleKulinski: This video is incredible. All I have to say is the next Bernie Sanders wonâ€™t be so nice. Get ready for that.  https://t.câ€¦,positive
I cried through this whole video because when he suspended his campaign I lost all hope for any fundamental change.  We are fighting for our very existence.  This was not the time to be nice.,negative
RT @briebriejoy: I wish the Democratic Party would consolidate around a plan to save the post office and bail out American families as effiâ€¦,negative
RT @democracynow: NY Cancels Primary After Removing Bernie Sanders from the Ballot #CoronavirusRoundup https://t.co/O3TeGdyuTN,negative
"RT @NamesEquipped: Hi, I made summarized this into a dumb meme so more people would see it on their timeline 

Please share, and if you areâ€¦",positive
RT @ComradeMythic: Their names are Douglas A. Kellner and Andrew Spano. Two unelected old white dudes deciding that the rest of NY doesn'tâ€¦,negative
"RT @GottaBernNow: John Cusack calls on Bernie Sanders to 'un endorse' Joe Biden, reopen his campaign for president  https://t.co/h971DGTzTb",neutral
RT @david_darmofal: DW-NOMINATE scores are the most widely used measure of roll-call voting ideology by political scientists. Senators Warrâ€¦,neutral
RT @johniadarola: I mean honestly if you've participated in a years long campaign to smear every supporter of Bernie Sanders as a misogynisâ€¦,negative
"RT @charliekirk11: What do these people have in common?

â€”Mazie Hirono
â€”Tammy Baldwin
â€”Ted Lieu
â€”Nancy Pelosi
â€”Adam Schiff
â€”Elizabeth Warreâ€¦",negative
RT @yuyanami01HQ: Thank you Cusack. @SenSanders listen to US. #NotMeUs exists for a reason. https://t.co/BUhR8LpFUq,positive
"RT @charliekirk11: What do these people have in common?

â€”Mazie Hirono
â€”Tammy Baldwin
â€”Ted Lieu
â€”Nancy Pelosi
â€”Adam Schiff
â€”Elizabeth Warreâ€¦",negative
"RT @charliekirk11: What do these people have in common?

â€”Mazie Hirono
â€”Tammy Baldwin
â€”Ted Lieu
â€”Nancy Pelosi
â€”Adam Schiff
â€”Elizabeth Warreâ€¦",negative
"RT @charliekirk11: What do these people have in common?

â€”Mazie Hirono
â€”Tammy Baldwin
â€”Ted Lieu
â€”Nancy Pelosi
â€”Adam Schiff
â€”Elizabeth Warreâ€¦",negative
RT @johniadarola: I mean honestly if you've participated in a years long campaign to smear every supporter of Bernie Sanders as a misogynisâ€¦,negative
Captain America voted for Bernie Sanders,neutral
RT @ComradeMythic: The two Democrats who voted to remove Sanders from the NY ballot are 67 and 83. One of them works at a law firm that repâ€¦,negative
RT @niktaylorde: Whatever Bernie Sanders or Joe Biden of the DNC do or say at this point will not change the outcome of the general electioâ€¦,negative
"RT @allinallMJC: #UBI was not even mentioned at the debate between Joe Biden and Bernie Sanders. In light of #CoronaVirus pandemic, it is tâ€¦",negative
RT @KyleKulinski: This video is incredible. All I have to say is the next Bernie Sanders wonâ€™t be so nice. Get ready for that.  https://t.câ€¦,positive
"RT @dawg_lb: China Joe is weak &amp; Left knows it

CJ so weak, Actor John Cusack wants Communist Bernie to 'Un Endorse' QPQ JOE &amp; reopen campaâ€¦",negative
"RT @charliekirk11: What do these people have in common?

â€”Mazie Hirono
â€”Tammy Baldwin
â€”Ted Lieu
â€”Nancy Pelosi
â€”Adam Schiff
â€”Elizabeth Warreâ€¦",negative
"@seanmdav @DouthatNYT Socialism is aristocracy ğŸ˜‚ğŸ˜‚. 

That must be why the aristocracy was so enthusiastic about Bernie Sanders",neutral
RT @niktaylorde: Extremely funny how the decision to cancel the presidential primary and remove Bernie Sanders from the ballot came right aâ€¦,positive
RT @KyleKulinski: This video is incredible. All I have to say is the next Bernie Sanders wonâ€™t be so nice. Get ready for that.  https://t.câ€¦,positive
"RT @ToddBohannon: ""In the absence of an active #Bernie2020 camp, we r pushing folks 2 vote 4 the delegates,"" ...noting they need at least 2â€¦",negative
"RT @GottaBernNow: John Cusack calls on Bernie Sanders to 'un endorse' Joe Biden, reopen his campaign for president  https://t.co/h971DGTzTb",neutral
"RT @charliekirk11: What do these people have in common?

â€”Mazie Hirono
â€”Tammy Baldwin
â€”Ted Lieu
â€”Nancy Pelosi
â€”Adam Schiff
â€”Elizabeth Warreâ€¦",negative
"RT @GottaBernNow: John Cusack calls on Bernie Sanders to 'un endorse' Joe Biden, reopen his campaign for president  https://t.co/h971DGTzTb",neutral
RT @mplspat: They are doing this just to Stop Bernie.,negative
RT @briebriejoy: I wish the Democratic Party would consolidate around a plan to save the post office and bail out American families as effiâ€¦,negative
RT @ComradeMythic: The two Democrats who voted to remove Sanders from the NY ballot are 67 and 83. One of them works at a law firm that repâ€¦,negative
"RT @charliekirk11: What do these people have in common?

â€”Mazie Hirono
â€”Tammy Baldwin
â€”Ted Lieu
â€”Nancy Pelosi
â€”Adam Schiff
â€”Elizabeth Warreâ€¦",negative
RT @CapaTosta122: Bernie Sanders: Hereâ€™s How to Cover Uninsured Americans During the Pandemic https://t.co/3d8QHIJ9EE via @politico,negative
RT @GullibleNeophy1: Captain America voted for Bernie Sanders,neutral
"RT @charliekirk11: What do these people have in common?

â€”Mazie Hirono
â€”Tammy Baldwin
â€”Ted Lieu
â€”Nancy Pelosi
â€”Adam Schiff
â€”Elizabeth Warreâ€¦",negative
"RT @JewelsJourneys: Just when I was enjoying not having to drag Bernie Fucking Sanders because he dropped out, here he comes with this bullâ€¦",negative
"RT @charliekirk11: What do these people have in common?

â€”Mazie Hirono
â€”Tammy Baldwin
â€”Ted Lieu
â€”Nancy Pelosi
â€”Adam Schiff
â€”Elizabeth Warreâ€¦",negative
RT @democracynow: NY Cancels Primary After Removing Bernie Sanders from the Ballot #CoronavirusRoundup https://t.co/O3TeGdyuTN,negative
RT @KyleKulinski: This video is incredible. All I have to say is the next Bernie Sanders wonâ€™t be so nice. Get ready for that.  https://t.câ€¦,positive
"RT @GottaBernNow: John Cusack calls on Bernie Sanders to 'un endorse' Joe Biden, reopen his campaign for president  https://t.co/h971DGTzTb",neutral
RT @KyleKulinski: This video is incredible. All I have to say is the next Bernie Sanders wonâ€™t be so nice. Get ready for that.  https://t.câ€¦,positive
"RT @autarken: @joshdegreat @thew64 @LoserWithTwitte @chandragray08 @briebriejoy Biden didn't just vote for Iraq, he was a cheer leader. Heâ€¦",neutral
RT @DogHerny: @HeadOnFire3 @eclecticbrotha It doesn't matter since according to the rules (which Bernie's team helped write back in 2017) aâ€¦,neutral
"Opinion: ""Under this proposal, everyone in the United States, regardless of insurance coverage or immigration status, would be able to walk into a doctorâ€™s office to receive the care they need without worrying about the cost,"" writes Bernie Sanders https://t.co/Y3Bdt7dWd4",negative
"RT @axcomrade: The fear was that Bernie Sanders, even with a suspended campaign, would win the New York primary, humiliating the already diâ€¦",negative
"RT @dmedin11: Bernie Sanders, who has urged supporters to still cast a ballot for him in order to gain delegates to take to convention, hasâ€¦",positive
RT @KyleKulinski: This video is incredible. All I have to say is the next Bernie Sanders wonâ€™t be so nice. Get ready for that.  https://t.câ€¦,positive
"RT @GottaBernNow: John Cusack calls on Bernie Sanders to 'un endorse' Joe Biden, reopen his campaign for president  https://t.co/h971DGTzTb",neutral
RT @ComradeMythic: The two Democrats who voted to remove Sanders from the NY ballot are 67 and 83. One of them works at a law firm that repâ€¦,negative
"@berniebro88 @ReformedBritt @ComfortablySmug Imagine unironically shilling for Sanders after he scammed you twice. 
Just vote for Bernie Madoff. You'll be less disappointed. https://t.co/pQYV6r6Bme",negative
RT @KyleKulinski: This video is incredible. All I have to say is the next Bernie Sanders wonâ€™t be so nice. Get ready for that.  https://t.câ€¦,positive
RT @yuyanami01HQ: Thank you Cusack. @SenSanders listen to US. #NotMeUs exists for a reason. https://t.co/BUhR8LpFUq,positive
"RT @eiderdaus: Dear @BernieSanders ,
please come back! Please #UNSUSPEND your campaign! The U.S., the world &amp; the planet need you badly - mâ€¦",neutral
RT @KyleKulinski: This video is incredible. All I have to say is the next Bernie Sanders wonâ€™t be so nice. Get ready for that.  https://t.câ€¦,positive
"Starting to become convinced there's only one way to deal with these old fucks.
In Minecraft.",negative
"RT @charliekirk11: What do these people have in common?

â€”Mazie Hirono
â€”Tammy Baldwin
â€”Ted Lieu
â€”Nancy Pelosi
â€”Adam Schiff
â€”Elizabeth Warreâ€¦",negative
RT @KyleKulinski: This video is incredible. All I have to say is the next Bernie Sanders wonâ€™t be so nice. Get ready for that.  https://t.câ€¦,positive
RT @KyleKulinski: This video is incredible. All I have to say is the next Bernie Sanders wonâ€™t be so nice. Get ready for that.  https://t.câ€¦,positive
"RT @Eedwardsellis: Note about the ""canceled"" New York State primary....

It isn't canceled. Bernie Sanders was simply removed from the ballâ€¦",negative
RT @jackcalifano: How the fuck do you do something like this and then wonder why people donâ€™t trust the Democratic Party?  https://t.co/MKtâ€¦,negative
"RT @charliekirk11: What do these people have in common?

â€”Mazie Hirono
â€”Tammy Baldwin
â€”Ted Lieu
â€”Nancy Pelosi
â€”Adam Schiff
â€”Elizabeth Warreâ€¦",negative
