tweet,sentiment
RT scrowder The American public NEEDS know new reliable data shows CoVid mortality rate As low,neutral
Some us STILL even recieved Stimulusdeposit yet Some us still received st caresAct CaresAct laid due COVID The minimal basic life neccesities still need paid people struggling UBI UBInow,neutral
RT MDMEMA ALERT We received several calls regarding questions disinfectant use COVID This reminder,negative
RT susanj Which Corrupt realDonaldTrump fired IG Glenn Fine oversight Trillion Virus stimulus could,neutral
RT lewis goodall NEW I leaked covid death figures Durham County Council days April th Nearly tho,neutral
RT iingwen Don miss Vice President Chen videoconference JohnsHopkinsSPH Dean EllenJMacKenzie amp AIT Director Brent Christensen,neutral
healthgovau And excersise opinions ridiculed Scam happens These PEOPLE POWER FORCE YOU HOME WITH A MASSIVE INFRINGEMENT A FINE FOR HAVING AN OPINOIN If SCARED COVID VIRUS FAKE fined thousand dollars https co Co p AAf,neutral
Thank god T V boyfriends QuarantineLife COVID,positive
Would buy house go guy mask That question Lol covid covidforlife even hashtags sound silly get real people future https co VL YQD kGZ,positive
RT APaolicelli Looking patient family member patient tested positive COVID part New York State,positive
RT BandyXLee Does surprise We warned would happen It show mental health expertise matters Stop dwelling,positive
RT lindanewnham Children nurses Japan excluded day care virus fears https co CYRfIGvChQ Japan COVID,neutral
Bless Us Lord Get Out Of COVID https co p hS M FL,negative
RT TheClearCider ChickenDonald TrumpIsALaughingStock And I thought I silly one I made video Trump using witc,neutral
RT KevinMKruse Have tried gamma rays I hear makes body change strongly powerfully And bite,positive
RT nicd sa UPDATE The total number confirmed COVID cases South Africa Today regrettably report new COVID relat,neutral
RT NCDCgov new cases COVID reported Lagos Gombe FCT Zamfara Edo Ogun Oyo,negative
RT GregAbbott TX Kendra Scott amp Allens Boots among Texas stores reopening today retail go Texas entrepreneurs getting b,negative
RT ResisterSis Today I citizen United States call congress amp presidents cabinet apply thAmendment remov,positive
Well done Gwenno amp team,positive
Is sega,negative
NCDC like thank k followers,positive
A beautiful weekend read inspire The way covid isolation kindness In blink eye https co YtBfc V OH,positive
RT spitfiretyler EXCLUSIVE Robert F Kennedy Jr Drops Bombshells Dr Fauci For Medical Cover Ups Fraud Fauci Poisoned Entir,neutral
RT va shiva JUST IN Unbelievable FBI Raids medical facility providing high dose IV VITAMIN C THERAPY COVID patients ht,neutral
RT ShelbyRatifyERA TrumpIsALaughingStock Perhaps I laughing There telling disparity amp access healthcare,neutral
RT BerniceKing Let choose CompassionateWayForward,negative
RT libijian Great news vaccine COVID may ready put use coming September,positive
RT tveitdal This effect coronavirus air pollution across world https co xRnjubiZl wef https co EYYdhR,neutral
RT FranksBullitts I would tell COVID joke probably get,neutral
RT vannschaffner JohnforNM PinonPost next nmpol nmleg nmgov https co hNLsHrKNDz,negative
RT DoctorJSpicer No joke patient swallow Lysol disinfectant couple weeks ago prevent COVID infection He made,neutral
My year old nephew admitted hospital bronchial cast It extremely rare disorder high mortality rate It might related COVID If believe prayer please send way Or good thoughts positive karma etc,neutral
RT DoctorJSpicer No joke patient swallow Lysol disinfectant couple weeks ago prevent COVID infection He made,neutral
Brooklyn AI Meetup longer limited Brooklyn since going virtual due Covid Tuesday pm EST https co I R Ef FBi blacktechtwitter blacktwitter artificialintelligence datascience machinelearning deeplearning neuralnetworks tech technology https co MHRRvBgk F,negative
Food amp Water Watch says USDA inspectors protected COVID https co eyEgqCM I foodsafetynews FoodSafety USDA COVID https co omkWL scH,negative
RT Inevitable ET Good ole FBI Protecting us vitamin C https co B S gjiiDX,positive
RT DCPPreQual We co produced guidance discussing DClinPsy Training adapted address concerns raised,negative
RT poojaotherwise Join us live webinar April ET PT socialisolation outcomes COVID European Public Health Pol,negative
RT sushantsareen You admire genius Indian babu make things convoluted complicated one understand,neutral
RT AdvocateDamon I saddened hear second inmate died GreenRiverCC We know name fellow,neutral
RT ajplus If urgency would legislate like rent due May Rep AOC called big corporations receiving fund,neutral
RT NeatPaul KLeague back May th My segment Arirang News earlier tonight,positive
RT MalloryMcMorrow Today Michigan crossed dead covid The Majority called legislature session provi,negative
RT jidesanwoolu Even number cases rising happy celebrate success stories show positive CO,positive
RT NCDCgov new cases COVID reported Lagos Gombe FCT Zamfara Edo Ogun Oyo,negative
RT DrRafidahHanim Nobody brief,neutral
RT jenniferatntd As promised yesterday Hard Evidence CCP coverup COVID CCPVirus Pandemic With full English,neutral
The story behind doctor pushing better Covid contact tracing https co qCrwe O q,negative
STAY THE FUCK HOME YOU SELFISH PRICKS,neutral
RT WBG Poverty COVID likely cause first increase global poverty since Read new blog post learn https,neutral
RT ICRC Africa As world continues battle COVID pandemic new swarms desert locusts East Africa could spark widespread,neutral
RT tedlieu Seniors Air Force Academy already isolated campus several weeks prior graduation ceremony Making,neutral
RT AudreyDestin A brother dies A stunned face silently cries A mother reach son She says goodbye Squeezes phone,neutral
RT NEJM Editorial Asymptomatic Transmission Achilles Heel Current Strategies Control Covid COVID SARSCoV,neutral
RT tedlieu Seniors Air Force Academy already isolated campus several weeks prior graduation ceremony Making,neutral
With K cases COVID Trump still dick done nothing flattened curve,neutral
RT DGHisham Our top priority organise coordinate comprehensive response reduce end COVID transmission,positive
RT va shiva JUST IN Unbelievable FBI Raids medical facility providing high dose IV VITAMIN C THERAPY COVID patients ht,neutral
Lagos State topped list states number fresh cases Coronavirus Disease released Friday The Nigeria Centre Disease Control released figures late Friday Lagos Coronavirus covid Lagos https co ZyZlRtBl u https co EPKncpNgCp,neutral
RT theonlyspoon Hi peeps Why help research COVID running RosettaAtHome screensaver By running Rosetta h,neutral
RT NCDCgov new cases COVID reported Lagos Gombe FCT Zamfara Edo Ogun Oyo,negative
RT MarkSZaidEsq Why senior Trump official apparently experience speaking COVID Especially wbaidlaw whist,neutral
RT gcaw In March workers South Korean call center floor infected COVID Look cases cluster packe,neutral
RT RepAdamSchiff A week ago I asked whether responsible carry Trump nightly stream consciousness live TV Today su,neutral
RT ChelseaClinton I believe President realDonaldTrump wants us channel True Blood Tide Pod challenge fight covid,neutral
RT Iran NewsRoom Iran Health Minister Namaki Iran gained salient achievements containing amp curbing coronavirus global pandemic,positive
RT GaviSeth Honored speak WHO virtual event today launch historic collaboration accelerate development production amp,positive
RT cjtruth Michigan coincidence https co CHyKJUPYWR,negative
Uh I think people saw office today Keith,negative
RT soledadobrien I know I yell terrible media framing every day never occurred nytimes would fr,neutral
RT DrTomFrieden Contact tracing must play critical role tracking COVID helping prevent new infections It importan,neutral
RT MDMEMA ALERT We received several calls regarding questions disinfectant use COVID This reminder,negative
RT markscott Fun fact right wing groups West amp state backed actors East pushing falsehood That COVID,positive
RT AbakarManany COVID Foreign aid stimulus amp bail outs charitable donations medical devices amp related equipment much tha,negative
RT AFishleigh Dr Tam continues show incredible leadership professionalism ThankYouDrTam,positive
RT Spotboye Amidst coronavirus outbreak ektarkapoor unites top TV producers actors fight virus spre,neutral
RT SRuhle Why earth phunware data collection firm led blythemasters qualify PPP loan meant businesses dram,neutral
RT zonkelmeckis I asking help one closest friend He cannot admit father public hospital COVID,neutral
RT leahmcelrath Doctors sound alarm patients left debilitated dead Some even know infect,neutral
RT naveed It must illegal post food pix twitter times particularly Ramadan lockdown Ramazan COVID,neutral
BadIdeaBry Trump actually suggested uv light injecting disinfectant bleach cure covid Then Lysol like publicly say Then Trump said sarcasm,neutral
RT natespuewell US combat deaths Korean War US combat deaths Vietnam War Americans killed,neutral
What Harvard Yale compete find vaccine COVID Large scale human trial potential coronavirus vaccine kicks UK scientists England University Oxford appear confident onto cure CBS News https co tpQ U mvht,positive
No sarcasm NONE May I remind EVERYONE HITLER EXPERIMENTS ON PEOPLE TOO Free KidsInCages NOW https co ArlBqbGGQ,neutral
RT Dr PhilippaW That explains lot COVID Revealed Cummings secret scientific advisory group Covid Coronavirus outb,negative
RT PC Reed The NHS rightly given huge public support Covid crisis I like publicly thank unsung,positive
DrTedros Your shared commitment CCP No transparency Close K dead Economic impact still fully realised Please resign even real doctor COVID WuhanVirus BoycottChineseProducts WHOLiedPeopleDied TaiwanIsHelping,neutral
Have hand Kier Starmer following traditions Labour Party missing opportunity make wrong appointment fully remain cabinet It going long time opposition,positive
RT DioceseHamilton This week HeartToHeart Bishop Crosby highlights consecration individual dioceses Canada Mary Mo,positive
RT RachelBeth Help help SOS medic help I giggles At evening On top reverse migraine Resc,neutral
RT KanchanGupta This wrong many levels It kick face citizens dutifully following Lockdown rules,neutral
RT markjarthur This great COVID advice Kermit The real COVIDIOTS https co w ejQU Kco,positive
RT PandemicCentral Here today update US COVID testing tests today positivity rate Testing seems expand,negative
US Covid Cases Deaths pm APR realdonaldtrump billmaher robreiner MMFlint JoeBiden BernieSanders DAY Day National Mitigation Day Hot Spot Clearing Testing ramp In July could,neutral
RT samhsagov Given rapidly evolving situation COVID SAMHSA providing regular updates via consolidated webpage includin,negative
Doesn trump even common decency let graduates stay families avoid possible infection This trump,neutral
RT rachel ellisTV TONIGHT Wando Athletics honoring spring sport seniors finish season covid Trib,neutral
RT nedryun What tool,negative
The real faces house https co ZAzi XWsh BitChute WHO Orwell GatesHacked FakeNews ID BillGates DepopulationAgenda TheGreatAwakening Covid,negative
RT GavinNewsom NEW CA launched first nation program Restaurants Deliver allow local restaurants provide meals fo,positive
RT leahmcelrath Doctors sound alarm patients left debilitated dead Some even know infect,neutral
RT Estrada Karla Amen,positive
RT HFI In Paris area HF France supporting nine hospitals PPE food front line health staff fight,neutral
RT WHO BeActive stay HealthyAtHome Here physical activities home COVID outbreak Try exercise,negative
RT polbikers I invented device allows close caption thoughts people camera I used first time wit,positive
RT JSchipperWDRB The virus dies inside minutes sun dies seconds Therefore heat sunlight weakens kil,neutral
This beautiful I moved tears Well done Great see,positive
RT FalkirkBiz Over businesses falkirkcouncil area received grants Business Support Fund A number business,negative
PhotoshopLee NickWhalenMP I betting guy interviewed snowmegaddon ever drive always drunk get covid,neutral
I altered weekly investment plan throughout I better We shall overcome may take time may take sacrifice may cost lives We humans persevere COVID investing BuildBackBetter https co dAET h pJE,positive
RT NCDCgov new cases COVID reported Lagos Gombe FCT Zamfara Edo Ogun Oyo,negative
RT Prof John Frink Friends Sorry since I last posted I lot add generally excellent,neutral
RT alvaroortiz Check COVID impact Consumption Real Time High Definition new weekly update https co HJMl,negative
RT NCDCgov new cases COVID reported Lagos Gombe FCT Zamfara Edo Ogun Oyo,negative
Have hope,positive
RT DrEricDing Repost Very worrisome ventilator outcomes A large number Covid patients put ventilators New York largest,neutral
RT srrezaie Timed amp Titrated Use Steroid COVID via PulmCrit https co r ZQEzsA r COVID COVID FOAM FOAMcc FOAMed http,negative
RT HHSGov Data CDCgov show reports exposure cleaners disinfectants poison centers increased substantially Marc,positive
RT Gidi Traffic Tcurtis COVID First human trial vaccine carried UK two volunteers Hopefully bring,positive
CNN Give everyone break CNN You know damn well took sarcasm context ran like CNN always Why focus lie ChrisCuomo told Covid virus Lied ratings shameful,neutral
RT DigitalTrends Twitter ban potentially harmful claims G Covid https co rOemsBCWpd,neutral
RT megdogwuff Two things I promise First come hell high water I voting booth elect DJT I cannot,neutral
RT ABCthedrum ICYMI Listen teachers JaneCaro says top approach COVID related education decision,neutral
RT EllisLauraLee hunterw jdawsey whca Everyone walk Make next news cycle American deaths COVID hi,neutral
RT JulieGehring GovRonDeSantis seanhannity It clear website amp system intended punish help lose job,neutral
Government want protect VitaminC Melatonin Zinc COVID Coronavirus Collapsitarian COVID WasAnInsideJob COVID Coronabeams Boogaloo A ndAmendment What made America great https co keGsyB rnR,neutral
RT iammickyjones There many covid deaths recorded I know experience My mom death certificate,neutral
RT Dix Shame British govt still testing people coming UK aboard airports bbc interviews fake experts,neutral
RT NCDCgov new cases COVID reported Lagos Gombe FCT Zamfara Edo Ogun Oyo,negative
RT GavinNewsom NEW CA launched first nation program Restaurants Deliver allow local restaurants provide meals fo,positive
RT Revere COVID As need increases food operations expand meet demand City Today press release includes extensive l,negative
RT SaharaReporters EXCLUSIVE N bn COVID Personal Protective Equipment Fraud Uncovered In Niger Delta Development Commission Sahara,neutral
Here folks I knew coming Let working class suffer UK COVID economic crises Makes sense working class sustained country unprecedented times https co J zrc qYn,neutral
RT BelgiumMFA The European Union plays key role managing COVID crisis EU diplomatic service EU EEAS supporting Mem,neutral
RT JaneCaro Apparently leaders wisdom decided use teachers students guinea pigs get needed ext,positive
RT PamKeithFL That weird What really weird million people STILL believe every word says They still hypnotized,neutral
RT NCDCgov new cases COVID reported Lagos Gombe FCT Zamfara Edo Ogun Oyo,negative
RT EM RESUS Hi ER Doc Do NOT inject consume ANY disinfectants attempt kill COVID,neutral
RT abuasimazmi Dear Awhadspeaks sad learn ur health amp tested positive COVID You always fi,neutral
RT Danny Walterr Do giveaway,positive
RT BakhtawarBZ Alhamdullillah relief package announced construction sector doctors questions origins source,positive
RT polbikers I invented device allows close caption thoughts people camera I used first time wit,positive
RT GavinNewsom NEW CA launched first nation program Restaurants Deliver allow local restaurants provide meals fo,positive
RT kr USA reports new cases new deaths bringing total confirmed cases total deaths,neutral
RT PolarWhut I think Mike Duggan could navigated Detroit thru CoronaVirus outbreak much effectively,neutral
RT Inevitable ET Union Reps Warn DHS Failure On Mexico Border Ports Of Entry Is A Nat Sec Nightmare That Could Lead To Rise In COVID In,neutral
As th April Nigeria recorded COVID confirmed cases states Federal Capital Territory In last hours number new cases increased Number deaths increased cases previously recorded Lagos recorded Ogun state cases,neutral
published find link feed,neutral
RT Hotpage News FoxNews Anchor Neil Cavuto Tears Apart Trump Unsettling Sarcasm Claim He Was Not Joking COVID Coronavirus S,neutral
COVID updates US covid https co GYYAH n lL,negative
RT SafetyNet All Join us Monday pm SafetyNet AllofUs twitter chat How immigrant communities get COVID,negative
I let David Dobrik anally infect covid vlog cap,neutral
RT weijia vp talking new website Iowa helps people determine whether risk COVID On,positive
RT ScottGottliebMD Additional reporting seroprevalence study California may impacted methodological challenges,neutral
On heels WorldMalariaDay important recognize countries already experiencing health crisis Malaria amp continues take millions lives We cannot let COVID impact momentum work done EndMalaria https co nTpTxgMc,neutral
RT GolfGirl Love Hello friends CA GOVT WOULDN T Let us go amp place flowers son grave ANNIVERSARY death POLICE,neutral
RT NilsMelzer COVID global wakeup call It exposes amp exacerbates existing governance amp systemic dysfunctions erodes Hu,neutral
RT Dentons Cannabis Group Weekly Alert May webinar featuring Jim Belushi Gunner Winston Cat Packer https co bAYS Gd Y For relat,negative
RT XD I thought I may want I gotta swallow pride family Please support really need,neutral
RT APMResearch UPDATED NOW COLOR OF CORONAVIRUS page The latest COVID mortality data race states amp DC,negative
RT gaetantguevara This outrageous Haiti government foreign sweatshop owners exposing putting entire island,neutral
The latest GMO Expos https co asJ ELN Thanks gmo nicolas HiguchiKi Gmo Orozco gmo covid,positive
RT DocJasmina Hi Surg Reg Do NOT consume disinfectants attempt kill COVID You NOT want oesophagous larynx look,neutral
Gombe Lagos,negative
RT Finestnaijaboy Me Summer finna movie COVID,positive
RT leahmcelrath Doctors sound alarm patients left debilitated dead Some even know infect,neutral
RT AriMulano Due COVID aka Coronavirus Ill sending first people like amp retweet CashApp Appl,negative
RT NCDCgov new cases COVID reported Lagos Gombe FCT Zamfara Edo Ogun Oyo,negative
new confirmed cases Kashmir Valley Anantnag District Tally patients entire J amp K gone Kashmir Jammu,neutral
Ironically crisis beneficial majority roof heads fed regularly intention already happening areas engaged health professionals ThingsWeShouldHaveBeenDoing COVID,positive
This potlucks nastywoman food Eating coronavirus COVID germs https co lf tJmtXaT,negative
SethAbramson I feel pain My daughter son law battling Covid critical condition month It horrific time If anyone please help family medical recovery expenses Anything helps God bless https co yEp yfG RN,neutral
RT TMarieM WaltDisneyWorld WDWToday bring back WISHES less crowds needing directly front castle projectio,neutral
RT MDMEMA ALERT We received several calls regarding questions disinfectant use COVID This reminder,negative
RT Rosemary China sent million ventilators Canada amp good This happens country make n,neutral
RT cjtruth Michigan coincidence,negative
RT ChrisMurphyCT There still Americans believe president And lives danger,neutral
RT weijia vp talking new website Iowa helps people determine whether risk COVID On,positive
RT DrEricDing Take guess country ready reopen soon The one falling chart Way go NZ COVID https,neutral
RT Surgeon General US FDA amp HHSgov encourage fully recovered COVID contact local blood plasma donati,neutral
RT QStormisuponus The best cure COVID would complete MSM shutdown days,positive
Coronavirus spreads Trump country COVID Coronavirus SocialDistancing flattenthecurve https co VXNcQbzQjJ,negative
Sports Clorox COVID TidePodPresident Trump TrumpDisinfectant disinfectant nba LeBronJames https co FGdFL Bomd,negative
RT gboyegabombo No Kano reports yet,negative
Notice upcoming funding opportunities MentalHealth Substance Use Responses COVID Launch week April Application deadline week May Details https co RCBgmI nFl,negative
RT ianbremmer No The alignment US led global order structurally changed radically one allowed old geopoliti,neutral
Guy soul Also pandemic expert,positive
RT RepJeffries The President suggested injecting Lysol human body treat COVID Something wrong guy N,neutral
RT JohnsHopkinsSPH Taiwan emerged success story global battle COVID This week Vice President Chen Chien jen,negative
RT NIHDirector A perspective ScienceMagazine discusses insights treating leukemia patients cytokine release syndrome,neutral
RT ChelseaClinton I believe President realDonaldTrump wants us channel True Blood Tide Pod challenge fight covid,neutral
The latest Cruises For Less Daily https co njB GgLZmO Thanks carhire covid coronavirus,positive
RT NCDCgov new cases COVID reported Lagos Gombe FCT Zamfara Edo Ogun Oyo,negative
RT jci nigeria COVID real joke StayAtHome StaySafe message SDG team led mbkusharki membe,positive
RT BlunderTheory What DowntonAbbey Quarantined practice SocialDistancing check newest sketch https,negative
RT tedlieu Seniors Air Force Academy already isolated campus several weeks prior graduation ceremony Making,neutral
RT SenatorMenendez Important report MakeTheRoadNJ immigrant experiences first month COVID pandemic NJ Do,negative
RT NewYorkStateAG REMINDER Last week I ordered Genesis II immediately cease amp desist marketing bleach product cure,neutral
RT CatNamus Not good happening The media attacks medical liberty insane What could possibly reasons behind rai,neutral
I think still going surprised earlier earlier deaths due COVID maybe SARSCoV actually Bay Area earlier thought CAgovernor wants us look https co B bj vQv,positive
RT AdamMilstein JoeBiden must kidding He forgets historical support Chinese Communist Party CCP attacks realD,neutral
JoeBiden After testing positive covid multimillionaire elitist CNN anchor Chris Cuomo brother https co kF ySKlzkW Andrew Cuomo combating virus vitamin IV drip BLEECH BATHS saunas fridge full hundreds dollars green juice,neutral
RT GreaterKashmir Covid pushes US unemployment towards highest since Depression Greater Kashmir https co uVtjyHPeX,neutral
RT arimoin Thanks tomhanks RitaWilson supporting study understand COVID asymptomatic infection immunity,positive
RT pollsofpolitics How realDonaldTrump handling COVID epidemic Please Vote Retweet spread poll Thanks,positive
In order meet governor target less COVID cases per people MontcoPa would see reduction cases days daily average cases https co lfhrthCNDi,neutral
RT BerniceKing Let choose CompassionateWayForward,negative
RT ANI Delhi People throng market Shastri Park area North East Delhi amid COVID lockdown https co DGmoRP HU,neutral
RT USCPSC Keep hand sanitizer original bottle America Kids use hand sanitizer adult supervision COVID,positive
RT BrennanCenter COVID proven catastrophic public health country economy without major intervention wi,neutral
RT DarwinBondGraha According map COVID cases East Oakland Hayward hardest hit areas far Berkeley,neutral
RT tfhphoto A person car Dakota Ave SouthSiouxCity holds sign supporting EssentialWorkers cars parked along,positive
ORF Maldives Amidst worsening Covid crisis ISIS claims maiden attack https co MvEiEGyMAR,negative
RT kim Revealed leader group peddling bleach coronavirus cure wrote Trump week Mark Grenon wrote Trump saying chlori,negative
RepEscobar dOd They die CoVID u evilones told write lose thier jobs https co BHIyvqo C,neutral
RT Liz Hanbury StarTrekPicard P ss Mr Hospitality I get self isolating selfisolating lockdownuk whereisth,neutral
RT arimoin Thanks tomhanks RitaWilson supporting study understand COVID asymptomatic infection immunity,positive
RT ChristinePolon This unbelievable realDonaldTrump SecPompeo https co RFeRzsUEVY https co QBUG h p,neutral
GovRaimondo remove fake covid death RI FraudRaimondo Wake RhodeIsland rhodeisland RhodeIslandGOP projo projo wpri RhodeIslandRT RhodeIsland NOW TaraGranahan JohnDePetroshow WWG WGA maga kag trump https co S QkspYa L,neutral
RT nailainayat And exactly Pakistan strategy https co CQ yzb DF,negative
RT Tsinghua Uni For Tsinghua upcoming th anniversary President Qiu Yong reviewed social engagement COVID outbreak,negative
RT NCDCgov new cases COVID reported Lagos Gombe FCT Zamfara Edo Ogun Oyo,negative
Sigh,neutral
RT CheckersRallys Kids need missed countless meals school due COVID closures We part supporting nokidh,neutral
RT YongZhaoEd Tomorrow EDT US Watch Episode silverliningforlearning conversation innovations COVID ho,negative
RT EM RESUS Hi ER Doc Do NOT inject consume ANY disinfectants attempt kill COVID,neutral
RT GavinNewsom NEW CA confirmed positive cases COVID cases hospitals,neutral
Incompetence selfishness disregard safety got us We safe many decided care,neutral
Why limit freedom speech,negative
RT joannaccherry It pretty clear UK Govt say SAGE The following science mantra revealed,neutral
let people get healed TheJusticeDept damn FBI realDonaldTrump WHAT HAPPENED TO RIGHT TO TRY,neutral
RT doctor oxford Was flirtation eugenics complicity electoral fraud contempt NHS made Dominic Cum,neutral
RT thecableng BREAKING NCDC confirms new COVID cases Lagos TheCable https co AAee P nAF COVID StayHome https,negative
YvonnecWhelan Eem spending bn week mainly due covid things like rent control lot Sinn Fein lite policies framework doc I far far Shinner framework doc lot closer SF view particularly FG campaigned,positive
RT MrsSmartypantsy According data The death rate California COVID New York State death rate Mill,neutral
The obvious truth COVID testing rate extremely low Govt knows help Propaganda save menace test kits It devil staring us face cast bind one lies Unfortunate,neutral
RT GlobalBC BREAKING B C announced four new deaths new COVID cases number patients hospital virus,neutral
RT OrDA thePeople At least people prison must released allow socialdistancing Oregon prisons Protest demand,neutral
RT paoloigna E sono solo quelli ufficiali vedo pochi commenti commossi covid BBC News Coronavirus US death toll passes,neutral
RT AGEllison NewYorkStateAG Tish James tweet speaks https co zztzP REcB,negative
Apr US recorded k dying COVID Thoughts prayers,neutral
WATCH LIVE Channel Atlanta New NOW Continuing coverage breaking news amp severe wx Atlanta America World covid coronavirus okwx https co A cr oDw R,neutral
This vital importance Prehab wellness programs need b part strategy keep RACF safe older people Complacency virus ally,positive
RT GeorgeASharp I adding TAUG top list tickers likely suspended along VRUS BIEI ONPH,neutral
Characteristics symptom management outcomes patients COVID referred hospital palliative care J Pain Symptom Manage PubmedTrending COVID SARS CoV SARSCoV COVID https co rLIV ScKZ,positive
Please sign petition fall victim man amp woman medical training injecting amp loved ones vaccine unknown substance vaccine COVID CCPVirus BillGatesIsEvil https co dTOaC VRIt,neutral
RT va shiva JUST IN Unbelievable FBI Raids medical facility providing high dose IV VITAMIN C THERAPY COVID patients ht,neutral
RT DanPatrick I always inspired faith people Texas even worst times people Onalaska de,neutral
AFattal US AfghanPeace Ceasefire needed Covid relief month Ramadan Afghans getting killed By everyone least Peace help,neutral
RT WHAAsstSecty Taiwan openness amp generosity global battle COVID model world SecPompeo Thanks Taiwa,negative
RT ifar journal Check latest COVID research offered ifar journal covid covid Link https co blKi SAbA https,negative
What happening Kano pls,negative
RT SansMerci My oldest brother cooked breakfast teens burnt bacon The smell permeated home niece compla,positive
I want life death decisions made guy thinks pandemic solved drinking disinfectant nytdavidbrooks I agree FLaDems FLaPol COVID DefeatTrump,neutral
RT greatbigseas good morning Canada HMCS Moncton dressed WorldWarII colours reminds us yrs ago faced grave peril,positive
RT NCDCgov new cases COVID reported Lagos Gombe FCT Zamfara Edo Ogun Oyo,negative
RT tedlieu Seniors Air Force Academy already isolated campus several weeks prior graduation ceremony Making,neutral
RT NCDCgov new cases COVID reported Lagos Gombe FCT Zamfara Edo Ogun Oyo,negative
RT heatherjones Fredo Cuomo wife bathes Clorox Prevent COVID https co FqWDKUK TN,negative
RT epsilon flu USA Excess mortality due covid peaked yet https co TUabivhOr https co dUqq RK,neutral
RT JohnTChambers Companies need transition digital models survive COVID crisis uniphore helping w process,neutral
RT Variety The cast ParksAndRec reuniting scripted character special aid COVID https co Ebht YvmbF,negative
RT NCDCgov new cases COVID reported Lagos Gombe FCT Zamfara Edo Ogun Oyo,negative
Work recommended wear face mask look lower right corner COVID https co KXRl U QlA,positive
RT wmnmedia Happy Podapalooza Eve Spend weekend virtual festival favorite podcasters support COVID relief fr,positive
RT SimonHarrisTD The tribute LateLateShow died Covid incredibly moving amp impactful We cannot forget,positive
RT CityofLdnOnt You help flatten curve rethinking trip playground Do responsible thing please stay away,neutral
RT Inevitable ET Good ole FBI Protecting us vitamin C https co B S gjiiDX,positive
Oh My I bleach disinfectant COVID,neutral
Join us virtual town hall meeting HateCrimes COVID DA SummerStephan Wednesday April PM PM PST Join via Facebook Live RSVP https co DmypJ ZN Presented partnership SDDistAtty ABASD APAPAHQ https co FLdju PV,negative
RT SaharaReporters BREAKING Nigeria Records New COVID Cases Sahara Reporters new cases COVID reported,neutral
RT NewYorkStateAG REMINDER Last week I ordered Genesis II immediately cease amp desist marketing bleach product cure,neutral
RT MDMEMA ALERT We received several calls regarding questions disinfectant use COVID This reminder,negative
My heart goes Midland Much love,positive
How allow continue My condolences family friends amp May Allah grant highest rank Paradise rizwan jalil bash CllrMYHussain wikas apologies abbreviation incorrect,positive
RT NCDCgov new cases COVID reported Lagos Gombe FCT Zamfara Edo Ogun Oyo,negative
RT daddyomar Michelle Luhan Grisham amp Democrat Governors planning bill FEMA response COVID They draggi,positive
RT gilmcgowan Workers died government refused close meat packing plants even clear ove,neutral
RT Finestnaijaboy Me Summer finna movie COVID,positive
The voy knows effects covid covid covid covid corona virus covid coronavirus coronavid coronavirusmemes coronarender https co qvHKnX k,negative
We closing banquet tonight I gotta say covid cut deep tonight lethimfall SarahG housingfsu https co EJhJfkOKQf,neutral
RT policeofficer Mount Vernon police officer COVID shares story perseverance survival https co ASdO VIBOs,negative
RT dorcasDugan Police arrest lockdown defaulters put ambulance fake covid patient https co ikhQqWTP p,neutral
Several life saving drugs fight major diseases undermining immune system hurting ability fight infection https co xkp OqBU r coronavirus covid immunocompromised,neutral
RT DavidLepofsky DRPSWestDiv RodPhillips DRPS DRPS Martin Send aodaalliance amp OntAutism Ideas Who Could Be Good Speakers,negative
RT NCDCgov new cases COVID reported Lagos Gombe FCT Zamfara Edo Ogun Oyo,negative
RT Gregcodes Just In Akwa Ibom State Epidemiologist Dr Aniekeme Uwah removed office taking samples COVID suspected c,neutral
RT ajplus President Trump suggested researchers try injecting disinfectants COVID treatment Here happened,neutral
DanMcCaughan CindyKendrick He since years says something prove clown World real prove wrong whip red noses But kidding said wash hands get sunlight Covid,neutral
RT tedlieu Seniors Air Force Academy already isolated campus several weeks prior graduation ceremony Making,neutral
RT NationalPTA School closures due COVID especially impact families children special disabilities In episode Backpa,neutral
RT threeneetee We Further human knowledge moonshine H L Mencken SARSCoV COVID CORON,positive
RT va shiva JUST IN Unbelievable FBI Raids medical facility providing high dose IV VITAMIN C THERAPY COVID patients ht,neutral
RT terumobct Terumo Corporation donating USD million COVID Solidarity Response Fund WHO global effort assists,positive
RT ajplus If urgency would legislate like rent due May Rep AOC called big corporations receiving fund,neutral
RT NCDCgov As th April Nigeria recorded COVID confirmed cases states Federal Capital Territory In last,negative
RT TradingSieger Our government authorities Sweden decided different strategy fight COVID It long haul,neutral
RT docrocktex Also ponder absurd Trump allowed give lethally inaccurate medical advice info public COVI,neutral
RT DancingTheMind Leading neonatology NHS Consultant dies Vish loved work much job amp colleagues,neutral
RT DrEricDing people New York City tested positive coronavirus people New York City hospitali,positive
So important highlight requirement reopening post COVID sixfeetapart moore oliver https co xHpynmD hS,negative
RT NCDCgov new cases COVID reported Lagos Gombe FCT Zamfara Edo Ogun Oyo,negative
RT eve levenson What seen photo never see Trump COVID press conferences masks proper social distancing,neutral
RT iampetereze Post covid Emerge Submerge InstaLive Show painful realities amp likely possibilities VENUE instagram,neutral
RT ChelseaClinton I believe President realDonaldTrump wants us channel True Blood Tide Pod challenge fight covid,neutral
RT ResistDetention Reminder ICEgov amp CoreCivic employees constantly entering amp leaving detention centers People detainee,neutral
RT QasimRashid Reminder We mess major part b c RobWittman learned Pandemic bought Pharma stock,neutral
RT staceyabrams I proud member former Secretary State JohnKerry coalition WorldWarZeroOrg working combat c,positive
RT AdamMilstein JoeBiden must kidding He forgets historical support Chinese Communist Party CCP attacks realD,neutral
RT CrimeWatchMpls Jacob Frey screen capture CedarRiverside yesterday blaring call prayer,positive
RT va shiva JUST IN Unbelievable FBI Raids medical facility providing high dose IV VITAMIN C THERAPY COVID patients ht,neutral
Canadian Prime Minister JustinTrudeau announced rent subsidy program help small businesses impacted COVID pandemic https co tboHjuWsry,neutral
RT Grant Blank Here Georgia coronavirus data sun goes first day loosening business restrictions The,neutral
RT Auta Musa NCDC covid update Lagos new cases Gombe making respectively This reason drop,neutral
RT HeadRNColumbia Reflections st day since COVID hit Nursing America trusted profession WHO designated Ye,positive
PM Morrison billionairebunker talking points fail mention ending lockdown vaccine puts everyone risk pathogen impacts nearly every major organ system body COVID auspol https co lkjilrOiS,neutral
RT ahcancal Assisted living communities home hundreds thousands seniors nationwide ignored comes fighting,neutral
IDMOD ORG KingCountyWA KCPubHealth Yes But long It least weeks since started closing businesses parks gyms ect Everyday goes another day economy amp peoples mental state deteriorates But care I Let open things safely COVID,positive
RT NCDCgov new cases COVID reported Lagos Gombe FCT Zamfara Edo Ogun Oyo,negative
RT CAID Nigeria We continue deliver life saving food assistance IDPS different camps Borno State despite COVID We pu,negative
RT ABSCBNNews Feeling anxious COVID Quarantine A psychiatrist offers tips coping COVID https co QHPkiyZUQ,neutral
RT DelhiTimesTweet QuarantineLife Speaking virtual press conference karanvgrover said life become hectic Anyon,neutral
Well I set My face pretty much always covered banana healthylifestyle vegan fitness covid bananasarelife typo fruit https co Qi TlejSVV,positive
RT ResisterSis Today I citizen United States call congress amp presidents cabinet apply thAmendment remov,positive
Simply cruel stupid,neutral
RT BDSGing Anti epidemic Diary Twenty seven days nights Chinese medical experts Iran COVID covid iran https co mkprZ,neutral
RT north hills NHHS student teacher Justin Karolski made lasting impact students making difference f,negative
RT muglikar Lockdown social distancing ideal citizen cares others exercising restraint leaving even urgent matters,positive
RT MDMEMA ALERT We received several calls regarding questions disinfectant use COVID This reminder,negative
RT twmentality This chickenshit laughingstock suggesting Americans inject bleach cure COVID H,neutral
RT Gina Doherty Annette true NHS hero got Covid beat weeks back front line b,positive
RT Prof John Frink Friends Sorry since I last posted I lot add generally excellent,neutral
RT AaronDodd Man caught covid wants everybody else catch well Alternatively lockdown playing havoc,neutral
RT CityofSantaCruz Hey Santa Cruz everyone age SantaCruz Co H,neutral
RT va shiva JUST IN Unbelievable FBI Raids medical facility providing high dose IV VITAMIN C THERAPY COVID patients ht,neutral
Another fantastic article highlighting inefficiencies failure realDonaldTrump administration Lazy WorthlessPresident COVID Trump Coronavirus A Sour President Home Alone White House The New York Times https co CmD WQpY,neutral
Hot press latest COVID therapeutics I feel confident findings,positive
RT evankirstel Japan expanding walk drive Covid test sites gauge scale coronavirusoutbreak,negative
RT KentPage Are feeling anxious giving birth What questions ask healthcare professional Get answers,neutral
RT DFisman TCLChalk The code https co yMmtsVe Could ishaberry JPSoucy dashboard https co,negative
RT tribunephl As Friday US number COVID deaths Italy second hardest hit Spain fol,neutral
RT Trisha doc No idea BBC thought bit strange Physios might front line COVID I think th,neutral
tribelaw No matter They wasting O There almost billion us n us according stats ignorant life certainly ignorant knowledge Covid merely symptom larger threat The herd needs good culling Self culled Even better,neutral
RT TPRF How beautiful respect know respect See Prem Rawat daily new Lockdo,positive
Who needs blessing Comment amp Retweet im sending everyone day CASHAPP APPLE PAY PAY PAL Cashappblessing COVID DM ME,positive
Interesting thinking also recommendation LPT EDI LPTnhs reviewing COVID risk assessment EIA perspective many organisations may reach conclusion JohnBrouder AngelaHillery HaseebAhmad Prerana Issar ladytgaj Al Richards,positive
The force strong face mask I selling eBay covid https co JBErSZEnRb https co PNP gcCziO,negative
RT alifrance Some would say guy charge borders let ship carrying killer virus led lockdown amp kids,neutral
RT davidicke Why trust UK daily Covid updates https co rEJTAw Sn https co Apfllr,neutral
That I wrote He promoting remedies enticing base buy useless shit enrich base Just like maga hats etc,neutral
PostMalone travisbarker killed COVID I mean Nirvana tribute amazing I looking Post concerts area foofighters KristNovoselic amazeballs https co ONNYTUUoPh,positive
RT RestoreTrustOrg To lead HHSGov day day response COVID SecAzar chose dog breeder minimal public health experien,positive
RT MDMEMA ALERT We received several calls regarding questions disinfectant use COVID This reminder,negative
RT va shiva JUST IN Unbelievable FBI Raids medical facility providing high dose IV VITAMIN C THERAPY COVID patients ht,neutral
Have done Covid thing,negative
RT GavinNewsom NEW CA launched first nation program Restaurants Deliver allow local restaurants provide meals fo,positive
RT tvcnewsng BREAKING NCDCgov records new cases COVID Nigeria Lagos Gombe FCT Zamfara Edo,negative
RT CEMHW CESMMT It another long week coping COVID It perfectly normal struggling emotionally right Bu,neutral
RT HCSOTexas Sergeant Ballew supervisor Harris County Jail tested positive COVID March spent two weeks qu,negative
RT VanessaBeeley If going dance someone constitutional rights better good reason A good scientific reason,positive
RT MontefioreNYC COVID patients discharged across Montefiore Health System thank Healthcareheroes Co,positive
IngrahamAngle NOTHING right wrong entire record keeping covid NOT accurate SO anyone play one way smoke mirrors Laura TRUTH mean something godwins qanon wwg wga americastrong GreatAwakening trump,neutral
RT FreedominIran This Gazvin Regime Iran already graves prepared COVID deaths IranProtests,neutral
Thanks syracusestage making masks physician members staff patients Community physicians still facing severe ppeshortage need help get fight COVID lookforthehelpers mssnytweet https co ovQw Z na,positive
RT ChouhanShivraj While opposition busy criticizing PM Shri narendramodi India leadership constantly making progress,neutral
Yesterday nurse Covid ward tested positive likely resulting patient contact He OK amp recovering understandably stressed It reveals risks health workers frontliners face everyday protect communities us They heroes,positive
RT SidneyPowell Exactly I taken months So every Lupus patient got COVID Chines,positive
Foreign investment drying thanks COVID But may silver lining https co SyDiBu MMl,positive
RT Maryam Rajavi Executions prisoners eve Ramadan month mercy compassion indicate mullahs desperation findin,neutral
Best road recovery locally led councils https co tjFeFqyYII Bushfires Business Community Council Covid Efficiency Federal FederalGovernment Government Infrastructure Investment LGNSW LocalCouncil LocalGovernment NSW President Resources Security https co yUEEuTPP,positive
RT TheBadPUN isher The RejectScience Democrat STRATGEY use ClimateChangeHoax Trump NOT GOING TO DESTROY,neutral
Thank T,positive
RT AamerAnwar Come fight save lives get clapped risk lives dare think treated differently What,neutral
RT LucieLalumiere If considering applying wage subsidy program Games Interactive Digital Media Don,neutral
Another precious interview Epidemiologist mtosterholm CIDRAP He wonderful brilliant man imo however I think wisdom needs supplemented preventive health virological considerations https co MI yy w vB Coronavirus Covid Covid,positive
RT DMiliband Early numbers indicate COVID hospitalizes kills men women But terms total impact people,neutral
I take bullshit happen Alex,neutral
RT ROHLL Watch Numbers lie COVID California NewYork https co hwF FnzOko,positive
RT GavinNewsom NEW CA confirmed positive cases COVID cases hospitals,neutral
RT Jewel Trump Hi OG Valley Girl Los Angeles Do inject consume ANY disinfectants attempt kill COVID,neutral
RT TomthunkitsMind This This could go wrong This friend nurse Detroit Her friend works ICU Henry For,neutral
RT va shiva JUST IN Unbelievable FBI Raids medical facility providing high dose IV VITAMIN C THERAPY COVID patients ht,neutral
D Trump vs Rodrigo D Noble Prize COVID https co X G ui Ggy,negative
Premier Health working us IPC solve potential PPE crisis https co dPUJNrceqw MFG Manufacturing COVID COVID PPE,positive
RT DrEricDing people New York City tested positive coronavirus people New York City hospitali,positive
RT staceyabrams I proud member former Secretary State JohnKerry coalition WorldWarZeroOrg working combat c,positive
RT NCDCgov new cases COVID reported Lagos Gombe FCT Zamfara Edo Ogun Oyo,negative
RT NewYorkStateAG REMINDER Last week I ordered Genesis II immediately cease amp desist marketing bleach product cure,neutral
RT SenatorRomney WHO appears shown remarkable deference Chinese government throughout COVID global pandemic The,neutral
I really worried patients coming Tonight spaikin checks physicians Thomas Richard PtboFHT afhto snewbery amp javedalloo see family doctors coping COVID pandemic Producer sandragionas onhealth https co uMkU iJD J,neutral
RT HWDSB We posted update families HWDSB COVID response details plans graduation assessment scho,negative
RT MBrando Thanks Cure realDonaldTrump COVID https co q wM M SbR,positive
RT dufort jeanne I implored GaSecofState SEB make common sense changes election procedures make safer elec,positive
RT KensingtonRoyal To doctors nurses carers GPs pharmacists volunteers NHS staff working tirelessly help,positive
RT NHSWaterbury Hi Matt Thanks CheckingIn tonight HowWasYourDay It gloomy Friday sun showed finally Co,positive
RT rishibagree West Bengal officially linked deaths coronavirus instead earlier official version deaths due Co,neutral
This keeps happening People pushing bad false untrue medicine repeatedly people selling product Why would rational adult capable critical thought unable understand These people motivation simply make money,neutral
Dear COVID FOG Sincerely https co QLi wckI W covid disinfectant disinfectantfogging fogging https co JDI YH kLV,negative
RT WHO LIVE Launch Access COVID Tools ACT accelerator https co VRdOjc Bn,negative
RT NewYorkStateAG REMINDER Last week I ordered Genesis II immediately cease amp desist marketing bleach product cure,neutral
RT canalbarge Doing part StayHome COVID pandemic Stay tuned hear employees workfromhome For,neutral
RT AureHope briantylercohen OccupyDemocrats BREAKING Breakingnews I Take Responsibility Nothing Trump Covid Briefing,neutral
Facts friends Mortality rate flu around,negative
RT tedlieu Seniors Air Force Academy already isolated campus several weeks prior graduation ceremony Making,neutral
RT LaraLeaTrump I support measures hold accountable responsible unleashing deadly pandemic devastated th,neutral
Dr Bonnie Henry B C provincial health officer Minister Health Adrian Dix today report total cases COVID including Interior Health area fatalities province wide https co HnEiH Q https co wKvEisthI,negative
RT worldviewer Watch Gravitas Coronavirus outbreak A war disguise YouTube COVID CCPVIRUS CHINALiedPEOPLEDied https,neutral
RT MaziNnamdiKanu How FRAIL year old MBuhari survive multiple organ failure HEALTHY year old AbbaKyari could surv,neutral
RT NCDCgov new cases COVID reported Lagos Gombe FCT Zamfara Edo Ogun Oyo,negative
RT txpoliticjunkie people took quick blood stick covid test All positive Then took nasal swab test All negative,neutral
RT WHO LIVE Launch Access COVID Tools ACT accelerator https co VRdOjc Bn,negative
COVID New Case Report th April pm,negative
RT drpenking Crisis In Akwa Ibom State Ministry Of Health Akwa Ibom State Epidemiologist Dr Aniekeme Uwah removed office,neutral
RT NCDCgov new cases COVID reported Lagos Gombe FCT Zamfara Edo Ogun Oyo,negative
RT Hair Trump DEMOCRATS ARE CHEATING Pennsylvania Democrat Seretary Health Rachel Levine responsible making state open clo,neutral
COVID survivor LukusEstok says told good candidate donate plasma help others recover coronavirus Then DENIED donating plasma gay Story satisfying ending though watch amp PLEASE RT amp Share COVID nyc https co jGjdrEcTyZ,positive
So true phussey,positive
okAFwife realDonaldTrump ICYMI POTUS POTUS asks DHS leader DrDeborahBirx investigate using disinfectants light IN body kill COVID Laughing stock POTUS attempts gaslighting saying SARCASTIC press NOT TRUE https co vwvy OC G,neutral
Dream wife,positive
RT ChelseaClinton I believe President realDonaldTrump wants us channel True Blood Tide Pod challenge fight covid,neutral
RT va shiva JUST IN Unbelievable FBI Raids medical facility providing high dose IV VITAMIN C THERAPY COVID patients ht,neutral
RT SaharaReporters COVID Instead Of Protecting Us Security Agents Are Destroying Our Only Sources Of Livelihood Nigerian Petty Trad,neutral
RT HomeSpaceyyc Our CalgFoundation Urgent Needs page live As operators self isolation hotel homeless Calgarians,neutral
covid AlbertTait TalismanJW tatbbfar TattedBiatch TACOPSBILL crunchy manairport ManUtd ManCity ChelseaFC NUFC BarnsleyFC OfficialRUFC SouthamptonFC LUFC westhamwomen leytonorientfc CelticFC LDNLutonAirport LutonTown SunderlandAFC EastFifeFC,negative
Hearing much getherTheSeries A Thai television series starring Vachirawit Chiva aree amp Metawin Opas iamkajorn Many urged watch COVID period Singapore Anyone watching show Or I watch GOT FF R performances instead bored https co GsH ztYhfT,neutral
RT trvrb I wanted respond news COVID death Santa Clara County Feb This interesting slightly puzzling data,neutral
RT tedlieu Seniors Air Force Academy already isolated campus several weeks prior graduation ceremony Making,neutral
RT cenkuygur If wondering realDonaldTrump suggested injecting people disinfectant cure COVID shining lights,neutral
RT scottsavagelive A great opportunity give Mathieu Era,positive
RT RepCohen Today RepJerryNadler amp I sent letter Attorney General Bill Barr requesting documents amp briefing mysterious,negative
RT scrowder The American public NEEDS know new reliable data shows CoVid mortality rate As low,neutral
RT GavinNewsom NEW CA confirmed positive cases COVID cases hospitals,neutral
RT DGHisham Our top priority organise coordinate comprehensive response reduce end COVID transmission,positive
RT NewYorkStateAG REMINDER Last week I ordered Genesis II immediately cease amp desist marketing bleach product cure,neutral
RT CathyCongress Whole Foods JeffBezos refuses add Disabled Senior Shopping Hrs Covid I address CEO amp C,negative
RT BBB NtlPrograms How privacy conversations shifting COVID times cobun joined PrivacyPros D C privacy experts,neutral
RT westhawaiitoday Visitors busted violating day quarantine More https co umugkHXBrh BigIslandNews HawaiiNews WestHINew,neutral
Making Masks These Available Fabrics limited DM information We ship USPS pick masks masks keepsafe covid mask Homestead Florida https co apB RWal M,negative
RT MHOLminis In honor healthcare workers everywhere last visit shelter place begin,positive
RT nancysantanello We cure COVID Trump loving faith healers Why healong sick FakeChristi,neutral
The latest Sideris Daily https co XMLxfQvmXH covid,negative
Gbam,neutral
Rent relief way Ontario small businesses landlords onpoli hosts spaikin jm mcgrath discuss details hear first hand account trying get COVID test https co EUpp R qz,negative
I news today Are ingesting new CoVid treatments sticking disinfectant UV lights asses CoronaUpdate DisinfectantDonnie,neutral
Omo today odds high oh lol,positive
RT TobaccoFreeKids The vaping industry continues exploit COVID crisis market lung harming addictive products One comp,neutral
RT tedlieu Seniors Air Force Academy already isolated campus several weeks prior graduation ceremony Making,neutral
RT dorcasDugan Police arrest lockdown defaulters put ambulance fake covid patient https co ikhQqWTP p,neutral
RT tedlieu Seniors Air Force Academy already isolated campus several weeks prior graduation ceremony Making,neutral
RT prateektwenty After contributing PMCares fund fight COVID KatrinaKaif Kay Beauty partners DeHaat Foundation,negative
SethAbramson MaryanneChisho This Trump Covid China Biden thing real possibility Right Skipping tests part deal Sounds far fetched Ukraine scandal sounded nuts first OMG,neutral
RT KTVU COVID CA DMV waives late fees delays registration requirements https co IHXDRkO mx https co uil lx,neutral
RT va shiva JUST IN Unbelievable FBI Raids medical facility providing high dose IV VITAMIN C THERAPY COVID patients ht,neutral
RT DrJudyAMikovits This covid covering years put viruses vaccines drove pandemics po,neutral
RT USNavy USSHarrySTruman remains sea Atlantic certified carrier strike group force ready tasking order protect,neutral
RT MDMEMA ALERT We received several calls regarding questions disinfectant use COVID This reminder,negative
RT drpenking Dear Nigerians one month ago th March confirmed cases COVID death On th April,neutral
RT ashezz To prevent economic decline wake covid moratorium debt payments capital controls prevent furth,neutral
Hi EUHomeAffairs Place Beauvau BMI Bund foreignoffice Justitiedep ministerieJenV thousands refugees risk COVID Greek islands due crowded unsanitary conditions Will act LeaveNoOneBehind save lives https co kbaXvzfFeu,neutral
RT haqsmusings I participated wide ranging newsonepk discussion coronavirus origins impact conspiracy theories lockd,negative
RT cjtruth Michigan coincidence,negative
FredTJoseph Hello Fred FredTJoseph trying today miracle I homeless mother severely hit covid I lost job apt I living car praying next meal Anything help please pray RENTRELIEF Cashapp Loosechange https co Vu AotPCau,neutral
RT KolaOyeneyin We business growing May God protect frontline workers help us su,positive
RT SNHHealth RT CDCgov Wearing cloth face covering CORRECTLY help prevent spread COVID others When go es,neutral
RT UN Shutting immunization services due COVID could trigger resurgence dangerous preventable diseases WHO wo,neutral
This shit getting much day Pls StayAtHomeAndStaySafe NigeriaGov NGRPresident something StayAtHome stuff,neutral
RT CEDRdigital Many food experts shared coronavirus COVID shown transmitted food Still,neutral
RT DrMattTuck As tonight TheBMA opening phoneline doctors ring work find ppe inadequate We hel,neutral
RT CDCgov A UPMC microbiology laboratory recently received package samples special note Thanks laboratory profess,positive
RT RoryBurnside If AFL player official tests positive coronavirus sport resumes regardless whether year,neutral
RT daily trust The Presidential Task Force PTF says frontline health workers responding Novel Coronavirus COVID pande,negative
RT askjillian Here comes spin control Too late,neutral
RT NCDCgov new cases COVID reported Lagos Gombe FCT Zamfara Edo Ogun Oyo,negative
LouDobbs DrOz Dr Bruce L Davidson https co DFlYf r As seen IngrahamAngle Upper Room UV Lights UltraViolet A Light UVA DAVIDSON UV Lights Could Be Used To Fight Airborne Coronavirus COVID UVLight UVLights Dr Bruce Davidson https co lASzG sps,negative
RT NCDCgov new cases COVID reported Lagos Gombe FCT Zamfara Edo Ogun Oyo,negative
RT cjtruth Michigan coincidence,negative
RT herid fel LansdaleTaylor sctadsen USPS Here suggestion us get sidelines show president wh,neutral
RT RepCohen Today RepJerryNadler amp I sent letter Attorney General Bill Barr requesting documents amp briefing mysterious,negative
RT NCDCgov new cases COVID reported Lagos Gombe FCT Zamfara Edo Ogun Oyo,negative
RT Marc Perrone Breaking I urge Sioux Falls SmithfieldFoods workers contracted COVID NOT participate statewide stu,neutral
RT ChidiOdinkalu Uganda legal services amp legal assistance providers petitioned Chief Justice Uganda legal services b,negative
RT GavinNewsom NEW CA launched first nation program Restaurants Deliver allow local restaurants provide meals fo,positive
RT USNavy What Naval Medical Research Center help combat COVID WATCH NOW find https co XOISz Guab http,neutral
RT mommamia If trump sarcastic yesterday bleach injection Why nobody laugh call Disinfectant,neutral
RT patton If familiar DrJudyAMikovits I highly recommend listening saying She exposing alot thin,positive
RT DanPatrick I always inspired faith people Texas even worst times people Onalaska de,neutral
RT antonioguterres A world free COVID requires biggest public health effort global history Data must shared resources,positive
RT NCDCgov new cases COVID reported Lagos Gombe FCT Zamfara Edo Ogun Oyo,negative
I glad contribute piece SigalSamuel voxdotcom SARSCoV HCoV COVID coronavirus transmission risks outdoor exercise It probably fine exercise alone quarantine partners https co RNiIpbt hs,positive
RT tdouglaslawson A quick message wrap busy week My thoughts amp prayers employees fighting COVID espec,neutral
RT votevets In middle COVID pandemic Trump announces speak West Point without telling ahead time putt,neutral
Stealing credit You thanking Feds covering incompetence,neutral
RT HosniehMarbini To appoint give expert advice disproportionate impact Covid BAME communities makes clear,positive
RT ggeett aaa COVID And Rise Diminutive Democrat Dictators Even small local democrats little power WeTh,neutral
Local Sikhs community helps need COVID pandemic providing food money even face shields need America,positive
RT mnredcross Keep calm amp stitch time Saturday handmade face mask drop nearby fire station https co XTCqlx,neutral
FirstResponders EMS teams need interoperable connectivity mitigate spread COVID Telit GigabitLTE Cat LM great choice recently First Responder Technology Innovation Year CompassIntel https co WGgmxBp uy https co Hz CYjC,positive
RT NTANewsNow new cases COVID reported Lagos Gombe FCT Zamfara Edo Ogun Oyo,negative
RT eugenegu If parents grandparents diabetes hypertension obesity asthma COPD making vulnerable,neutral
RT natespuewell US combat deaths Korean War US combat deaths Vietnam War Americans killed,neutral
GovRonDeSantis To avoid spread covid medical personnel wear scrubs public virus lives porous material change hospital dr office tell GovRonDeSantis let businesses open masks temp taking free statewide testing antibodies,neutral
RT CanadaFP Statement Minister Foreign Affairs International Day Multilateralism Diplomacy Peace COVID ht,positive
RT PharmERToxGuy Toxicologist Injecting ingesting inhaling household product dangerous prevent treat,neutral
RT SenTedCruz It time Congress pass RESULTs Coronavirus Patients Act another country renowned resea,negative
RT ACLU SoCal Holding people civil immigration detention midst COVID pandemic without taking basic steps protect,neutral
RT GavinNewsom NEW CA launched first nation program Restaurants Deliver allow local restaurants provide meals fo,positive
RT Hragy RIP dear Ashraf Adly MD Head Cardiology Qena general hospital south Egypt near Luxor died today COVID infec,neutral
RT va shiva JUST IN Unbelievable FBI Raids medical facility providing high dose IV VITAMIN C THERAPY COVID patients ht,neutral
RT Finestnaijaboy Me Summer finna movie COVID,positive
RT angie rasmussen I glad contribute piece SigalSamuel voxdotcom SARSCoV HCoV COVID coronavirus transm,positive
RT cjtruth Michigan coincidence,negative
RT CBS Herridge COVID WH Briefing virus dying much rapid pace exposure higher temperatures And f,neutral
President Lukashenko many weeks total denial COVID So far infected amp died More tests done Lukashenko claims God slammed heads coronavirus As reference Ukraine tests,neutral
Warris going,negative
RT natespuewell US combat deaths Korean War US combat deaths Vietnam War Americans killed,neutral
COVID ALERT SeatGeek sued refusing give refunds coronavirus cancelations Global Pandemic News Coronavirus COVID https co RKfcnajMgo https co qdpx CkvZ,neutral
RT leahmcelrath Doctors sound alarm patients left debilitated dead Some even know infect,neutral
RT tkurdi COVID action plan protecting vulnerable Ontarians living high risk settings including homes serving developmental,neutral
RT Inevitable ET Good ole FBI Protecting us vitamin C https co B S gjiiDX,positive
RT ChelseaClinton I believe President realDonaldTrump wants us channel True Blood Tide Pod challenge fight covid,neutral
RT MarkSZaidEsq Why senior Trump official apparently experience speaking COVID Especially wbaidlaw whist,neutral
RT NikolovScience Watch insightful interview ER physicians COVID report findings based latest data,positive
RT NEJM The authors assessed transmission SARS CoV evaluated adequacy symptom based screening skilled nursing facili,negative
RT Wyn President Trump I asking sarcastic question reporters room disinfectants inside,neutral
RT ianbremmer No The alignment US led global order structurally changed radically one allowed old geopoliti,neutral
RT glo girlbree Due COVID aka Coronavirus Ill sending first people like amp retweet CashApp,negative
RT RelaxsCash Due COVID aka Coronavirus Ill sending first people like amp retweet CashApp,negative
RT MDMEMA ALERT We received several calls regarding questions disinfectant use COVID This reminder,negative
juddjulian pattonoswalt After hearing presentation President Trump suggests irradiating people bodies UV light injecting bleach alcohol deal COVID https co zLmf PcG W,neutral
RT leahmcelrath Doctors sound alarm patients left debilitated dead Some even know infect,neutral
RT NCDCgov new cases COVID reported Lagos Gombe FCT Zamfara Edo Ogun Oyo,negative
RT anne Lord mercy https co gWr jYxde,negative
RT NCDCgov new cases COVID reported Lagos Gombe FCT Zamfara Edo Ogun Oyo,negative
RT ClubMedicinale To reflect,negative
RT SkyNews Sky News analysis found England among European countries highest number excess deaths,neutral
RT WendyLeighS tannerkahler VanWACitizen WISN News GovEvers ABC ABCNewsLive And like every State protest,negative
RT GeriatricEDNews Can GeriED reliably accurately meaningfully measure frailty Absolutely says replynickel team says se,negative
Companies reveal plans work look like America returns office COVID Coronavirus SocialDistancing flattenthecurve https co z O vmFpcw,negative
RT HKrassenstein BREAKING The Guardian reports man named Mark Grenon contacted Trump days ago peddling idea using bleach,neutral
RT talkingwalk Dutton secret silent hidden govt MINISTER responsible emergencies amp home land security Not word fir,neutral
RT NCDCgov new cases COVID reported Lagos Gombe FCT Zamfara Edo Ogun Oyo,negative
RT Cmfundisi Dear DrZweliMkhize staff Maclear hospital EC fearing lives Patient admitted suspected,neutral
RT Beard Vet Again FBI needs dismantled TATTERS https co c WqgRpS,neutral
RT smitabarooah Is joke Are two countries two set damn rules Here sitting home day day followi,neutral
RT byadavbjp E GramSwaraj portal provide Gram Panchayats single interface prepare amp implement development pl,negative
RT eugenegu If parents grandparents diabetes hypertension obesity asthma COPD making vulnerable,neutral
RT GovKemp To Georgia law enforcement community thank hard work today educating public checking businesses compl,positive
RT IslamRizza Yep It real But lie exaggerate numbers Chapter https co BFg DTKrEK,neutral
RT staceyabrams I proud member former Secretary State JohnKerry coalition WorldWarZeroOrg working combat c,positive
I co signed letter MPs Peers calling Chancellor introduce Universal BasicIncome help everyone Britain recover rebuild COVID Support important action gt add name https co UCCSZadO p CompassOffice,positive
RT Proletarian RT believe Scindia responsible every Covid death Madhya Pradesh,neutral
RT RecursionChris As promised bringing x channel images deep learning embeddings COVID work pub,positive
FredTJoseph I trying get noticed ur livestreams Please HELP mom sick I work bc COVID I used take care mom pay rent bills RENTRELIEF Please help anything would help,neutral
We committing million help agri food sector expand e business COVID giving families choice buying food plants online Find https co Ryw Z nPYP OntAg OpenForBusiness CdnAgPartnership https co oS HAxJRIF,positive
RT ajplus If urgency would legislate like rent due May Rep AOC called big corporations receiving fund,neutral
RT amyklobuchar Thank Minnesota Attorney General KeithEllison I fighting make sure American choose hea,positive
RT elleprovocateur Musk Bezos Gates Branson billionaires These deadly pathogens planet Priorities The,neutral
TAPS working provide date information government resources amp benefits COVID military veteran community including surviving military families Here need know,positive
RT natespuewell GOP parscale Trump wasted two months denying virus ignoring warnings COVID spread K Americans die,neutral
RT tedlieu Seniors Air Force Academy already isolated campus several weeks prior graduation ceremony Making,neutral
RT SenTedCruz It time Congress pass RESULTs Coronavirus Patients Act another country renowned resea,negative
first one https co WcIoPBZF open https co PKirJryK mask N KN KF KF besafe socialdistance corona covid respiratormask healthy USA CANADA https co sZluox VET,positive
It even scary think kano testing days infected workers,neutral
RT DeAnna Congress CNN hits new low every single day,neutral
Amen disinfectant,positive
COVID enabled turn amplifies existing inequalities injustices course every corner earth believe,negative
RT Earth stlinda Hey ScottMorrisonMP GregHuntMP You want us trust track us FuckOff KerryStokes gets exempted frm man,negative
RT thinktankSK Saskatchewan announces new cases COVID today bring provincial total That new cases,neutral
RT CityofAtlanta Simply hospital beds capacity mean need work fill Mayor,neutral
RT heatherjones Fredo Cuomo wife bathes Clorox Prevent COVID https co EZJGTIAU,negative
RT ClaudiaRupcich A nurses standing front Capitol building silence countering protestors want open th,neutral
RT nycHealthy Do NOT ingest inject Lysol disinfectant treatment COVID Household disinfectants poisonous,neutral
RT translovelies What im gonna get covid https co F b YCWJI,negative
RT JoshFrydenberg On AnzacDay show respect served continue serve nation While year Anz,positive
RT NCDCgov new cases COVID reported Lagos Gombe FCT Zamfara Edo Ogun Oyo,negative
Why COVID confinement hitting people intellectual disabilities hard World Economic Forum https co Q H U Rh,neutral
RT ajplus SCOTUS block Trump admin public charge rule COVID pandemic despite reports ppl afraid,neutral
RT Finestnaijaboy Me Summer finna movie COVID,positive
RT SamarDJarrah Thank God fasting Ramadan cant comment COVID Jacksonville https co smzvRnUOCX,positive
RT joshtpm lab confirmed COVID cases United States,negative
RT ROHLL Watch Numbers lie COVID California NewYork https co hwF FnzOko,positive
RT cjtruth Michigan coincidence https co CHyKJUPYWR,negative
RT replouiegohmert Watch FoxNews tonight PM CENTRAL I talk GovMikeHuckabee seanhannity Democrats politicizatio,neutral
RT doctor oxford Was flirtation eugenics complicity electoral fraud contempt NHS made Dominic Cum,neutral
RT MDMEMA ALERT We received several calls regarding questions disinfectant use COVID This reminder,negative
RT berkie Berlin temporary protected bike lanes installed almost overnight response COVID https co Yy AFllE C,neutral
RT morethanmySLE My partner Jerry works MTA amp ensuring essential workers DEPEND mass transit get,positive
bringjoy reflect lives grateful,positive
RT morethanmySLE UPDATE health I considered Lupus flare Possible COVID related stress Hydroxychloroquine help,neutral
RT DonnaWR WHY New York mandating nursing homes MUST take COVID patients March ThingsThatMakeYouGoHmmm https,neutral
RT va shiva JUST IN Unbelievable FBI Raids medical facility providing high dose IV VITAMIN C THERAPY COVID patients ht,neutral
RT NoodleSparklez Gov Cuomo There another wave COVID fall I enough BS artists This virus real,neutral
RT amyklobuchar Thank Minnesota Attorney General KeithEllison I fighting make sure American choose hea,positive
Bro numbers,neutral
RT DavKat Trump rolled China inital downplaying COVID needed trade deal https co wzvxBVHgkl,neutral
TheMightySite done incredible job capturing COVID experiences Great reminder compassionate patient challenging times InThisTogether TogetherAtHome https co YQMKbEM sC,positive
GovAbbott What processes place contain spread Covid Do hospitals enough PPE Why bottom half States per capita testing Covid How contact tracing done COVID,neutral
RT ManaliShanbhag What efforts This big lie What going Is way make Indian government look good Indians sti,neutral
Great follow post FLDEO,positive
RT MamaRedfield Parmesean garlic sauce bacon green peas sauteed scallops served shells Delicious fast COVID https,positive
RT thinkers RT Fourthoption Not sure expect ReimagineTheFuture virtual summit See feedback past event Join us May help support communities impacted COVID https co hIdsKRpqPu https co MnBHUWlS K,positive
RT SenTedCruz It time Congress pass RESULTs Coronavirus Patients Act another country renowned resea,negative
CAEHealthcare Suffering w anxiety mentalhealth depression result covid coronavirus You alone Check Dashboard Report whats happening others like amp feel free take survey see measure others https co VsvjLn fO,neutral
RT matthewamiller Just think much time wasted past three years professionals inside government tre,neutral
RT CGTNOfficial China reported new confirmed COVID cases Friday imported according National Health Co,negative
RT JackHarrisNDP The prison population vulnerable COVID If act consequences could devastating Lots,neutral
HillaryClinton How many connected tainted test kits https co Z CyGajb,neutral
RT AdityaRajKaul Issue oil prices implications also discussed India Gulf countries amidst COVID,neutral
RT NCDCgov new cases COVID reported Lagos Gombe FCT Zamfara Edo Ogun Oyo,negative
And enough sue ass directly aplly th even better make hom drink bottle National TV,neutral
RT SRuhle Why earth phunware data collection firm led blythemasters qualify PPP loan meant businesses dram,neutral
RT emirates Emirates become first airline conduct site rapid COVID tests passengers The health safety pa,negative
RT svenstoffels Corona CHingChan lil dance us corona covid chinesevirus chinavirus https co OHnSKshHtE,positive
RT Nelie Whyte Staff work place booked covid tests Mine tomorrow morning I afraid actual test,neutral
RT Noid DisinfectantDonnie Now Mike Pence Dr Brix amp I take Covid shots https co M WEMWW,positive
RT GovMurphy We confirmed COVID cases Atlantic Bergen Burlington Camden Cape Ma,negative
April Europe Coronavirus disease COVID pandemic timeline CoronaVirusUpdate CoronavirusDiseasePandemic COVID Click link timeline video https co uF JN lfG https co lnAgKJfo J,neutral
My father always advise check facts talk Your credibility relay say others weneed rightleaders GovernorAndrewCuomo remarkable Empathy leadbyexample covidtrap COVID,positive
RT TheAgenda I really worried patients coming Tonight spaikin checks physicians Thomas Richard,neutral
RT mawugoodimpact Hand hygiene paramount wash hands often soap water Use enough soap make sure parts bo,neutral
RT projecthopeorg We thrilled announce Geeks HOPE live streaming amp fundraising partnership worldbuilders Beginning today,positive
RT DrLee America SKYRIDER SteveSisolak POSITIVE RESULTS NY Doctor treating COVID ChineseCoronaVirus malaria dr,neutral
RT LeaderHoyer A comprehensive report JECDems offers important look minority communities amp low income Americans hi,positive
ISLAMIC FORUM OF CANADA TARAWEEH DAILY LIVESTREAM PROGRAM With His Eminence Shaykh Faisal Hamid Abdur Razak Subscribe Shaykh Faisal YouTube Channel https co Eg I R ShaykhFaisal Ramadan IFCRamadan Ramadan Fasting Islam CoronaVirus Virus COVID https co b r vALBs,negative
RT va shiva JUST IN Unbelievable FBI Raids medical facility providing high dose IV VITAMIN C THERAPY COVID patients ht,neutral
RT unisyscorp This article raises good questions How people feel giving privacy helps us stay safe prevent future pandemics https co ellqGXO COVID InfoSec Security,positive
RT chrismattmann Thanks realDonaldTrump giving credit NASAJPL VITAL ventilator project The work agency fight,positive
You bloody hypocrite WHO whomallowed covid infect The World cause mass deaths drtedros You need stand trial World mass deaths Shame We forget forgive see Court trial mass deaths innocent people,neutral
Dealing fear fatigue stress I positive ways deal three COVID times Take time weekend see tips help DailyDose COVID resilience coping Stress https co wEJoH oVs,positive
Praise God I one,neutral
RT AdityaRajKaul Hindu girls abducted Pakistan even COVID pandemic Now two minor Hindu girls abducted f,neutral
RT AlexRyals Working remote due COVID Here tips keep data safe TechDataSecInf https co MqMLgzCG remo,negative
RT ChelseaClinton I believe President realDonaldTrump wants us channel True Blood Tide Pod challenge fight covid,neutral
RT joannaccherry It pretty clear UK Govt say SAGE The following science mantra revealed,neutral
RT MzDivah ChickenTrump want take questions WH press Corp messed bigly suggesting people inject th,neutral
RT SidneyPowell Exactly I taken months So every Lupus patient got COVID Chines,positive
RT morethanmySLE Pence really laying EXTRA thick today testing He calm dramatic MEANWHILE Gover,positive
RT NCDCgov new cases COVID reported Lagos Gombe FCT Zamfara Edo Ogun Oyo,negative
RT natespuewell US combat deaths Korean War US combat deaths Vietnam War Americans killed,neutral
RT NewYorkStateAG REMINDER Last week I ordered Genesis II immediately cease amp desist marketing bleach product cure,neutral
RT LTr uble So child go back school room full kids social distancing driving hours visit friend,neutral
RT SaharaReporters BREAKING Nigeria Records New COVID Cases Sahara Reporters new cases COVID reported,neutral
RT natespuewell US combat deaths Korean War US combat deaths Vietnam War Americans killed,neutral
SkyNews U K covid deaths including nursing home deaths track highest deaths per capita anywhere world Thank Boris buddies,positive
RT va shiva JUST IN Unbelievable FBI Raids medical facility providing high dose IV VITAMIN C THERAPY COVID patients ht,neutral
RT learning fly African countries enough ventilators amp PPE deal w Covid So Swedish International Development Corp A,negative
RT NCDCgov new cases COVID reported Lagos Gombe FCT Zamfara Edo Ogun Oyo,negative
Thread MD,negative
RT Hair Trump DEMOCRATS ARE CHEATING Pennsylvania Democrat Seretary Health Rachel Levine responsible making state open clo,neutral
I AM SARCASTIC According wise words Donald Trump AMERICA FIRST sure deaths USA This nation occupying first place Coronavirus Pandemic took light advice scientists Drs working WHO,neutral
RT karynmaughan Over past seven weeks America went Covid infections deaths To cases deaths,neutral
RT Inevitable ET Good ole FBI Protecting us vitamin C https co B S gjiiDX,positive
RT acsofian White people primitive even update racist yellow peril stuff popula,neutral
RT ROHLL Watch Numbers lie COVID California NewYork https co hwF FnzOko,positive
RT Noid Acyn Guess DisinfectantDonnie go take Covid shots https co NSMtGlfZeh,neutral
RT jgmonte PressSec realDonaldTrump PressSec Hi Kayleigh Will White House releasing realDonaldTrump recommended dosage,negative
RT EricTopol What mortality rate COVID patients put mechanical ventilator A new JAMA current https co giDiEXp M,negative
RT GovMurphy UPDATE We new positive COVID test results pushing state total As cross must,positive
When mtosterholm stopped listening vote confidence via NewsHour COVID https co avSjgq qYg,neutral
SenThomTillis usedgov StayAtHome working Economic Impact Payments Coronavirus enough allow people StayHome need second round StimulusChecks ASAP long term StimulusPlan COVID StimulusBill COVID stimuluspayment stimuluspackage lockdownextension,positive
RT CellCellPress In depth analysis human animal host response following SARSCoV infection reveals transcriptional signatures und,positive
Problem problem ANOTHER PROBLEM,neutral
RT NCDCgov new cases COVID reported Lagos Gombe FCT Zamfara Edo Ogun Oyo,negative
RT AdityaRajKaul Hindu girls abducted Pakistan even COVID pandemic Now two minor Hindu girls abducted f,neutral
RT jarro Emerging Dragon jamiesonmurph IxatDnats thelandnews It time bring state amp federal matters corruption back,neutral
Now another look countries highest deaths per capita All making great progress Seems like took seriously https co eYdhqNA X https co bl jgBmJsb,positive
RT SammyHudes Um wow If NHL restarts multiple players test positive COVID necessarily shut whole,neutral
Anjali Desai panoramateam joined member roundtable COVID low middle income countries share insights preparedness advocacy response Check Pandemic Action Network advocate action https co pXqEeV SAh maskingforafriend,positive
RT stellagarciam even world stops takes collective breath capable showing one another And,positive
Any local favorite would F ing good right madisonwi takeout meme isthmusmadison saverestaurants restaurant covid quarantine newyorkercartoons americanbystander airmailweekly madmagazine weeklyhumorist tnycartoons stayathome selfquarantine https co RaB IukteH,positive
RT JBuchananBKK WorkFromHome becomes MobFromHome Thailand mob protest Another day another innovative hashtag,negative
RT smitabarooah Is joke Are two countries two set damn rules Here sitting home day day followi,neutral
RT GavinNewsom NEW CA launched first nation program Restaurants Deliver allow local restaurants provide meals fo,positive
RT suresh n S SenatorDurbin sheds crocodile tears immigrants hurts immigrants color Talks bipartisanship,neutral
Very worrying figures Strong resilient health systems crucial respond COVID also ensure continued delivery essential services critical maternal child survival HealthForAll,neutral
RT DrTedros R amp D plays central role combating COVID Today WHO proud unite partners amp launch Access COVID To,positive
RT mommamia If trump sarcastic yesterday bleach injection Why nobody laugh call Disinfectant,neutral
Lagos consecutive figures Mahn Damn,neutral
LabCorp let talk treating employees Not paying k rest year Not giving yearly raises earned Not requiring patients wear masks retesting COVID You respect employees shame,neutral
Because COVID birthdayparty one wish hopes internet makes happen WATCH https co I H f QuarantineBirthday BirthdayWish HappyBirthday AutismAcceptance IAmSteveHarvey TheEllenShow ellentube vCaffy autismspeaks,positive
RT williams paige self proclaimed archbishop pushing potentially lethal miracle cure White House brands chemi,negative
BobMenendezNJ please help NJ unemployment I filed due laid covid Can get anyone phone answer emails I know thousands dealing issues PLEASE HELP,neutral
RT NCDCgov new cases COVID reported Lagos Gombe FCT Zamfara Edo Ogun Oyo,negative
Animus PBSWI GovEvers fredwistv TheDemocrats says NOT punishable infect someone HIV outdoor protest charge w bioterrorism Wars amp Pandemics supersede Bill Rights Idiot reopenwisconsin COVID,neutral
RT GovHolcomb While meeting leaders Indiana General Assembly afternoon took call VP I able upda,neutral
RT danielzliu Disinfectants UV light kill COVID surfaces inside humans,neutral
COVID Turds punchbowl,positive
RT cjtruth Michigan coincidence,negative
RT NCDCgov new cases COVID reported Lagos Gombe FCT Zamfara Edo Ogun Oyo,negative
RT GovernorTomWolf COVID brought carousel negative emotions lot us Many Pennsylvanians finding hard mee,neutral
RT JelCastragigo Lifting COVID restrictions already Australia Just guns making sound mean stick yo,neutral
RT polbikers I invented device allows close caption thoughts people camera I used first time wit,positive
Personnes sauv es toutes les minutes Temps pass en confinement Jours Heures Minutes ConfinementJour covid RestezChezVous RestezAlaMaison covid CoronavirusFrance confinement COVID france Coronavirus,neutral
RT NCDCgov new cases COVID reported Lagos Gombe FCT Zamfara Edo Ogun Oyo,negative
I mean couple Trump supporters decide drink bleach covid NotMyPresident worsethingscouldhappen,neutral
RT jimmyle Better yet states denying Hydroxycholorquine saying FDA says unsafe Are idiots trying,neutral
RT AndreVltchek This center richest city SouthAmerica SantiagoDeChile weeks lockdowns Totally ruined How many,neutral
RT mayorcantrell FREE TESTING FREE MASKS Free covid testing today xula GertTown pm We doubling number,negative
RT GrahamLedger Tonight The latest mantra Covid blue state governors scientific paradox Also The political pushback,negative
RT LotusOak French Peer Reviewed Study Our Treatment Cured Of Coronavirus Patients https co z u KzqTS COVID,negative
RT HawleyMO Now China bullying EU even hint criticism Beijing role COVID coronavirus But facts facts Th,neutral
RT EM RESUS Hi ER Doc Do NOT inject consume ANY disinfectants attempt kill COVID,neutral
The way cure COVID butt chug Fabuloso obviously realDonaldTrump,neutral
RT Inevitable ET Good ole FBI Protecting us vitamin C https co B S gjiiDX,positive
RT Fly Sistah cmclymer JoeBiden Yes needs said https co YJClndxoP,negative
RT DGHisham Our top priority organise coordinate comprehensive response reduce end COVID transmission,positive
We reached digits,negative
RT THE Russell BREAKING Morrison announces school students exempted requirement maintain M social separation,negative
RT worldviewer Watch China Testing Nukes North Korea Kim Jong Un Dying YouTube CHINALiedPEOPLEDied COVID CCPVIRUS,neutral
RT QStormisuponus The best cure COVID would complete MSM shutdown days,positive
RT Beyonce BeyGOOD partners Jack Dorsey startsmall support COVID relief https co n LwqKJW https co GeibDMvC A,negative
RT NCDCgov new cases COVID reported Lagos Gombe FCT Zamfara Edo Ogun Oyo,negative
RT SteelBlitzburgh Mike Tomlin awesome donate COVID Relief Fund That Coach Steelers,positive
RT Mrtybaba A nurse narrates experience Covid patients This serious StayHome https co TOOGac,positive
RT smitabarooah Is joke Are two countries two set damn rules Here sitting home day day followi,neutral
Good questions,positive
The numbers,positive
RT paoloigna Chi non ha chiuso potrebbe avere seri problemi covid coronavirus Some Forecasts See Virus Upswing States That Resis,neutral
RT YassinSoce I hardly ask much I tag everyone would really appreciate ya make video send,neutral
RT GavinNewsom NEW CA launched first nation program Restaurants Deliver allow local restaurants provide meals fo,positive
RT cakikeith Coronavirus destroys lungs doctors finding damage elsewhere https co aS ik r B Coronavirus COVID,neutral
RT UN Measures combat spread COVID led rise discriminatory immigration practices Refugees stresses need,neutral
RT GaryBec FrankVespa LukeMor paulsperry While everyone understands cancer best treated early one interest,neutral
RT tzemingdynasty Pay attention Singapore thread,negative
RT ajplus The makers Lysol Dettol warning people use products treat COVID Pres Trump suggested resea,neutral
RT joshtpm lab confirmed COVID cases United States,negative
RT ChannelNewsAsia UPDATE today new COVID cases Singapore work permit holders residing dormitories new clusters,negative
RT modern rock I need CBD enhanced version coronavirus COVID https co FF GRb WCW,negative
RT AseefaBZ PM concerned citizens gave st major relief package CONSTRUCTION Industry THAT priority,neutral
RT SchoolsFirst Had great regional conference calls First Nation schools amazing things COVID meal,positive
RT cjtruth Michigan coincidence,negative
Mimirocah ckkoch Trump crazy push drug Is common sense rug Don take Hydroxychloroquine His touting Covid sin Don inject bleach vein It idea crackpot insane UVLight bodies shine No one try TrumpResign,neutral
My colleague Tammy Huston speaking panel ExportDevCanada solutions cleantech companies,positive
The fact remind us eat inject sinfectants clearly shows evolution busted Uturn somewhere heading wrong direction fucked Darwinism NaturalSelection COVID confinement,neutral
Think past COVID peak So far today US added new cases making highest number daily cases yet If continues may live stay home rules summer thanks idiots follow rules https co iVwVhfKdos,neutral
RT docrocktex There value giving airtime president well known spewing falsehoods monicarhor via HoustonCh,neutral
RT NCDCgov new cases COVID reported Lagos Gombe FCT Zamfara Edo Ogun Oyo,negative
This lady AWESOME COVID coronavirus https co XAy BJI,positive
RT va shiva JUST IN Unbelievable FBI Raids medical facility providing high dose IV VITAMIN C THERAPY COVID patients ht,neutral
RT hr patton Remember mom fed kids bleach thought cure autism Yeah I starting think pre,neutral
Bought merch last performance CursedChildAUS Melbourne due covid restrictions This surely sign forces Gryffindor going outlast PenWhoMustNotBeNamed time ISO https co pAlil eRwS,positive
CRAZY CONSPIRACY GUY GOES INSANE ON PANDEMIC CONSPIRACY https co G N LOLFp via YouTube COVID,neutral
Yeah Why realDonaldTrump,neutral
https co ydAQnfnFhY COVID No Joke whca whpresscorps enough BS coming realDonaldTrump His Lies His Ineptness His Moronic Vindictive Wickedly Cruel Conduct etc come great Cost K amp K GOP amp RightWingMedia Accomplices,neutral
RT evburnett Hey friends fam amp neighbors Let kill SocialDistancing Instead let practice PhysicalDistancing amp Socialsolidarity,negative
RT THE Russell BREAKING Morrison announces school students exempted requirement maintain M social separation,negative
RT piersmorgan Trump sarcasm real consequences gt gt gt,neutral
On daily dog walk neighbour erected sign daily quotes Here today Ain truth COVID https co XIduc ID,neutral
RT QuickTake Despite initial data China showed elderly people health conditions vulnerable youn,neutral
Invented word Covidmanic follow precautions Covid pandemic obsessively stressfully Covid pandemic stayathome,neutral
RT IanMisner Nirvana tribute Post Malone covid https co FxmGr wLPU,positive
These progressive policies popular long time I think COVID make popular becomes clear fragile American political economy really FeliciaWongRI rooseveltinst CEO,neutral
RT ENTFacialPlast Thank really appreciate review Have great day everyone SPlease call office,positive
RT raffytima The first PDL NBP Medium Security Compound tested positive Covid died last night accdg Bureau,neutral
RT kbeat Covid These girls Kashmir stranded Delhi desperate need help https co O NSjjyG,neutral
RT NCDCgov new cases COVID reported Lagos Gombe FCT Zamfara Edo Ogun Oyo,negative
RT UN COVID affected billions people around world Refugees explains especially important support vu,neutral
RT natespuewell US combat deaths Korean War US combat deaths Vietnam War Americans killed,neutral
RT USEmbassyPH Please visit MIAAGovPH Facebook page see tentative list operational flights April COVID COVID,negative
RT MDMEMA ALERT We received several calls regarding questions disinfectant use COVID This reminder,negative
RT NCDCgov new cases COVID reported Lagos Gombe FCT Zamfara Edo Ogun Oyo,negative
RT NarjustDumaMD During dark times Health Equity remains priority When disparities widen COVID minority patients,positive
RT BerniceKing Let choose CompassionateWayForward,negative
RT cjtruth Michigan coincidence https co CHyKJUPYWR,negative
Christ inanity question hurts https co tDsISJD Qv,neutral
RT TerezaKasaeva JustOut WHO DG DrTedros launches Access COVID Tools Accelerator ACT Accelerator global landmark collabor,negative
RT Goodable How Canada works In Canadian businessman named Jim Estill sponsored hundred Syrian families come Canada H,negative
Innovative COVID outpatient setting Sion Hospital Mumbai Do watch video Need centers across India world protect healthcare workers https co SFgsX edLi,positive
Be like say person body hot go add list cause rubbish,neutral
RT MarkSZaidEsq Why senior Trump official apparently experience speaking COVID Especially wbaidlaw whist,neutral
EdAustin TX member Mr Gonzalez shared KUT The challenge many kids thrown scary place never COVID u AFTunion profe c TexasAFT TrasellEdAustin rweingarten AustinISD https co TnMENncYB,neutral
RT va shiva JUST IN Unbelievable FBI Raids medical facility providing high dose IV VITAMIN C THERAPY COVID patients ht,neutral
RT MDMEMA ALERT We received several calls regarding questions disinfectant use COVID This reminder,negative
RT tedlieu Seniors Air Force Academy already isolated campus several weeks prior graduation ceremony Making,neutral
RT nailogical The Simply Nailogical take tab health care workers Ottawa available tab open purekitchenott,negative
RT chfbc A new bc Help Safe Seniors Strong Communities Program matches seniors need support non medical essentials vol,negative
RT Dion Live Dr Blue Ivy Carter SPOKEN BluIvy Talks COVID StarrLab TeamDionStarr https co dTpI wu,negative
RT NCDCgov new cases COVID reported Lagos Gombe FCT Zamfara Edo Ogun Oyo,negative
Thank Clorox clarifying NOT supposed use InjectionOfDisinfectant kill Coronas PSA COVID,negative
RT IndiaSpend Under Indore strict COVID lockdown residents cannot leave house even groceries But well run urban waste,neutral
Buckwheatie benshapiro Are implying anything Other famous wealthy brand COVID,negative
RT MBK Alliance Since TheCenterSHF one National Impact Community partners launched Donate Sacramento COVID Response Fund,positive
RT JAMAPediatrics April childabusepreventionmonth even coronavirus disease pandemic Learn risk factors,neutral
RT Danny Walterr Do giveaway,positive
RT morethanmySLE UPDATE health I considered Lupus flare Possible COVID related stress Hydroxychloroquine help,neutral
RT ajplus If urgency would legislate like rent due May Rep AOC called big corporations receiving fund,neutral
RT Jewel Trump Hi OG Valley Girl Los Angeles Do inject consume ANY disinfectants attempt kill COVID,neutral
RT professor ajay creativedlab Chief Economist joshgans publishes I suspect first book world connect dots bet,neutral
RT NiswongerCHosp Leave child life specialists bring fun education patients Check song help remind,positive
RT natespuewell US combat deaths Korean War US combat deaths Vietnam War Americans killed,neutral
RT clcv During COVID pandemic increasingly obvious need CleanAir Yet Trump administration rolling back env,neutral
RT MPJulian Burnaby MayorofBurnaby FINA COVID In COVID crisis right question big banks shoul,neutral
RT RedCrossLA The LACOFD announced uptick home fires Angelenos home practicing socialdistancing Our free smoke alarm,neutral
RT leahmcelrath Doctors sound alarm patients left debilitated dead Some even know infect,neutral
RT atheistic Much like waiver I listen President DIY COVID cure one Box hydroxychloroquine box,positive
new cases Gombe making cases COVID Gombawa let use brain stay home even GovernorInuwa put us lock This pm curfew ba inda xai kai mu Ya rabb cases days This serious stayhome StaySafe,neutral
RT DrJudyAMikovits This covid covering years put viruses vaccines drove pandemics po,neutral
RT OgbeniDipo There still many people moving freely Lagos People need stay home help reduce spread thi,neutral
We grateful PyramidModel many resources culled created response COVID https co Fc NkDx,positive
Three close friends dads serious medical condition rn one tested positive covid I cant imagine place atm balancing studies distress anxiety amp stuff Nakakalungkot nakakagalit hang bois ud get,positive
RT noahlep COVID hitting South Dakota big way families need electricity sheltering place Ask McLaughlin City,neutral
RT ResisterSis Today I citizen United States call congress amp presidents cabinet apply thAmendment remov,positive
RT CEDRdigital The concerns Coronavirus COVID foodsafety prompted federal agencies increased communicatio,neutral
Mr Ankrum President challenged America look side norm ppl start investigating new test done covid Instead reporters media taking challenge investigating new innovations took lazy way attacked twisted President words,neutral
RT J Gelatt Immigrant workers amp families hard hit Covid health amp economic crises Yet many left federal relief eff,neutral
RT tedlieu Seniors Air Force Academy already isolated campus several weeks prior graduation ceremony Making,neutral
RT UNYouthEnvoy Did miss DigitalCOVIDConvo webinar talked young ppl role driving digital trends COVI,neutral
RT CatharineHoey What changed determination media establishment continuing use every excuse,positive
RT Veronicaromm We lost k Americans Via JohnsHopkins COVID CoronavirusUSA RIP https co ZtptKa c,neutral
RT MDMEMA ALERT We received several calls regarding questions disinfectant use COVID This reminder,negative
In westernma covid cases looks like seeing Hampden surge testing ramps amp Springfield tests homeless Berkshire Franklin Hampden Hampshire,negative
RT blackwomenviews Thread Previously I highlighted COVID leadership many Black Mayors amp BW US Congress Today I want highligh,negative
RT cjtruth Michigan coincidence,negative
RT Masriyia Despite COVID amp OHCHR call Egypt release political prisoners Egypt continue arbitrarily arrest ppl Marwa Ara,neutral
JordanSchachtel We million total Americans counting unemployment million Covid mil new filers It insane virus killed population,neutral
Too damned funny,neutral
RT ScottGottliebMD Additional reporting seroprevalence study California may impacted methodological challenges,neutral
RT QBlueSkyQ Dr Anthony Fauci part gang silenced destroyed Dr Judy Mikovits XMRV HHV Bill amp Melinda Gates found,neutral
RT NCDCgov As th April Nigeria recorded COVID confirmed cases states Federal Capital Territory In last,negative
RT bugwannostra Kerry Stokes laying wreath wife Canberra isolation returning Aspen Billionaires ap,neutral
RT joannaccherry It pretty clear UK Govt say SAGE The following science mantra revealed,neutral
RT SAFoundationN Exciting news SAFoundationN DonateKaroNa ration drive online shop eBay charity auctioning singed,positive
RT flea The beautiful children,positive
GovPritzker PLEASE HELP No one ever answers IL unemployment line Their website tells call phone lines automatically disconnect What I IDES Help HelpPlease COVID,neutral
RT KentPage Superheroes real days covid Thank superheroes Please RT share appreci,positive
RT NCDCgov new cases COVID reported Lagos Gombe FCT Zamfara Edo Ogun Oyo,negative
RT NCDCgov new cases COVID reported Lagos Gombe FCT Zamfara Edo Ogun Oyo,negative
Free Money Music Contest elliottkeithmusic competition COVID Corona sawityowit recehkansahur Ramadan ramadankareem Extraction KimJungUn westminsterbridge StayHome coronavirus Covid,negative
RT mswarriorLMS A must watch Professor Raina MacIntyre COVID update What children asymptomatic infection common prolonged,neutral
RT NEJM Clinical Practice Mild Moderate COVID How evaluated If Covid treated COV,neutral
Unfortunately facility Men Central Jail countyofLA And one reasons filed Class Action lawsuit federal court today Shame LACoSheriff failing protect lives jail COVID SuingToSaveLives,neutral
And odds COVID heart attack Yes We speculating,neutral
RT OntarioNDP Ford gave people impression least new iPads way give families need online access le,neutral
RT ajplus If urgency would legislate like rent due May Rep AOC called big corporations receiving fund,neutral
RT DrTsion A COVID struggles front line Hair falls washing twice day Face cracks mask peels skin awa,neutral
RT kixes Right Singapore sharp increase COVID cases coming discovery coronavirus spreading like wildf,positive
RT PresidencyZA COVID I faith strength resilience ordinary South Africans proven time time,positive
RT tedlieu Seniors Air Force Academy already isolated campus several weeks prior graduation ceremony Making,neutral
RT BTBreakingTimes COVID CASE UPDATE new cases confirmed Nigeria Nigeria Centre Disease Control NCDC,neutral
